2023-01-12,4:00:00,2
2023-01-12,4:00:01,0
2023-01-12,4:00:02,0
2023-01-12,4:00:03,1
2023-01-12,4:00:04,3
2023-01-12,4:00:06,1
2023-01-12,4:00:07,2
2023-01-12,4:00:08,0
2023-01-12,4:00:10,0
2023-01-12,4:00:11,2
2023-01-12,4:00:12,1
2023-01-12,4:00:13,0
2023-01-12,4:00:14,0
2023-01-12,4:00:15,2
2023-01-12,4:00:16,1
2023-01-12,4:00:17,1
2023-01-12,4:00:18,0
2023-01-12,4:00:19,3
2023-01-12,4:00:20,3
2023-01-12,4:00:21,0
2023-01-12,4:00:22,3
2023-01-12,4:00:23,0
2023-01-12,4:00:24,2
2023-01-12,4:00:25,1
2023-01-12,4:00:26,3
2023-01-12,4:00:27,2
2023-01-12,4:00:28,3
2023-01-12,4:00:29,0
2023-01-12,4:00:31,3
2023-01-12,4:00:32,3
2023-01-12,4:00:33,2
2023-01-12,4:00:35,3
2023-01-12,4:00:36,3
2023-01-12,4:00:37,0
2023-01-12,4:00:38,0
2023-01-12,4:00:39,2
2023-01-12,4:00:40,2
2023-01-12,4:00:41,3
2023-01-12,4:00:42,0
2023-01-12,4:00:44,1
2023-01-12,4:00:45,2
2023-01-12,4:00:48,0
2023-01-12,4:00:49,0
2023-01-12,4:00:50,0
2023-01-12,4:00:51,0
2023-01-12,4:00:52,0
2023-01-12,4:00:53,1
2023-01-12,4:00:54,3
2023-01-12,4:00:55,2
2023-01-12,4:00:56,1
2023-01-12,4:00:57,1
2023-01-12,4:00:58,2
2023-01-12,4:00:59,0
2023-01-12,4:01:01,2
2023-01-12,4:01:02,2
2023-01-12,4:01:04,2
2023-01-12,4:01:05,1
2023-01-12,4:01:06,2
2023-01-12,4:01:08,1
2023-01-12,4:01:09,1
2023-01-12,4:01:10,2
2023-01-12,4:01:11,1
2023-01-12,4:01:12,1
2023-01-12,4:01:13,1
2023-01-12,4:01:14,3
2023-01-12,4:01:15,1
2023-01-12,4:01:16,1
2023-01-12,4:01:17,0
2023-01-12,4:01:19,2
2023-01-12,4:01:20,2
2023-01-12,4:01:21,3
2023-01-12,4:01:22,0
2023-01-12,4:01:23,3
2023-01-12,4:01:24,2
2023-01-12,4:01:25,2
2023-01-12,4:01:26,3
2023-01-12,4:01:27,3
2023-01-12,4:01:28,2
2023-01-12,4:01:29,1
2023-01-12,4:01:30,3
2023-01-12,4:01:31,0
2023-01-12,4:01:32,0
2023-01-12,4:01:33,2
2023-01-12,4:01:34,1
2023-01-12,4:01:35,1
2023-01-12,4:01:36,3
2023-01-12,4:01:39,2
2023-01-12,4:01:40,0
2023-01-12,4:01:41,1
2023-01-12,4:01:42,1
2023-01-12,4:01:43,1
2023-01-12,4:01:44,3
2023-01-12,4:01:46,2
2023-01-12,4:01:47,3
2023-01-12,4:01:48,2
2023-01-12,4:01:49,0
2023-01-12,4:01:50,2
2023-01-12,4:01:52,3
2023-01-12,4:01:53,0
2023-01-12,4:01:54,2
2023-01-12,4:01:55,2
2023-01-12,4:01:56,0
2023-01-12,4:01:57,1
2023-01-12,4:01:58,3
2023-01-12,4:01:59,2
2023-01-12,4:02:00,0
2023-01-12,4:02:01,3
2023-01-12,4:02:03,2
2023-01-12,4:02:04,0
2023-01-12,4:02:05,3
2023-01-12,4:02:06,2
2023-01-12,4:02:07,2
2023-01-12,4:02:08,1
2023-01-12,4:02:09,2
2023-01-12,4:02:12,0
2023-01-12,4:02:13,2
2023-01-12,4:02:14,3
2023-01-12,4:02:15,0
2023-01-12,4:02:16,3
2023-01-12,4:02:17,3
2023-01-12,4:02:18,2
2023-01-12,4:02:19,1
2023-01-12,4:02:21,3
2023-01-12,4:02:22,0
2023-01-12,4:02:23,0
2023-01-12,4:02:24,3
2023-01-12,4:02:25,2
2023-01-12,4:02:26,3
2023-01-12,4:02:28,3
2023-01-12,4:02:29,1
2023-01-12,4:02:30,0
2023-01-12,4:02:31,3
2023-01-12,4:02:32,1
2023-01-12,4:02:33,2
2023-01-12,4:02:34,1
2023-01-12,4:02:35,3
2023-01-12,4:02:36,2
2023-01-12,4:02:37,2
2023-01-12,4:02:38,3
2023-01-12,4:02:40,0
2023-01-12,4:02:41,0
2023-01-12,4:02:42,0
2023-01-12,4:02:43,3
2023-01-12,4:02:46,1
2023-01-12,4:02:47,3
2023-01-12,4:02:48,3
2023-01-12,4:02:49,2
2023-01-12,4:02:50,3
2023-01-12,4:02:51,2
2023-01-12,4:02:52,0
2023-01-12,4:02:53,0
2023-01-12,4:02:54,2
2023-01-12,4:02:55,0
2023-01-12,4:02:56,0
2023-01-12,4:02:57,0
2023-01-12,4:02:58,0
2023-01-12,4:02:59,1
2023-01-12,4:03:00,0
2023-01-12,4:03:01,2
2023-01-12,4:03:02,3
2023-01-12,4:03:04,2
2023-01-12,4:03:05,3
2023-01-12,4:03:06,2
2023-01-12,4:03:07,2
2023-01-12,4:03:08,3
2023-01-12,4:03:10,2
2023-01-12,4:03:11,0
2023-01-12,4:03:12,2
2023-01-12,4:03:13,1
2023-01-12,4:03:14,1
2023-01-12,4:03:16,3
2023-01-12,4:03:17,1
2023-01-12,4:03:19,0
2023-01-12,4:03:20,2
2023-01-12,4:03:21,3
2023-01-12,4:03:22,1
2023-01-12,4:03:23,1
2023-01-12,4:03:24,2
2023-01-12,4:03:25,0
2023-01-12,4:03:26,1
2023-01-12,4:03:28,0
2023-01-12,4:03:29,2
2023-01-12,4:03:30,1
2023-01-12,4:03:31,3
2023-01-12,4:03:32,0
2023-01-12,4:03:34,2
2023-01-12,4:03:35,3
2023-01-12,4:03:36,0
2023-01-12,4:03:37,2
2023-01-12,4:03:38,0
2023-01-12,4:03:39,2
2023-01-12,4:03:40,1
2023-01-12,4:03:41,3
2023-01-12,4:03:42,0
2023-01-12,4:03:44,2
2023-01-12,4:03:45,0
2023-01-12,4:03:46,2
2023-01-12,4:03:47,0
2023-01-12,4:03:49,1
2023-01-12,4:03:50,0
2023-01-12,4:03:51,2
2023-01-12,4:03:52,0
2023-01-12,4:03:53,2
2023-01-12,4:03:54,1
2023-01-12,4:03:55,0
2023-01-12,4:03:56,3
2023-01-12,4:03:57,1
2023-01-12,4:03:58,1
2023-01-12,4:03:59,1
2023-01-12,4:04:00,2
2023-01-12,4:04:01,3
2023-01-12,4:04:02,3
2023-01-12,4:04:03,0
2023-01-12,4:04:04,1
2023-01-12,4:04:05,2
2023-01-12,4:04:06,0
2023-01-12,4:04:08,2
2023-01-12,4:04:10,2
2023-01-12,4:04:11,2
2023-01-12,4:04:12,1
2023-01-12,4:04:13,2
2023-01-12,4:04:14,3
2023-01-12,4:04:15,3
2023-01-12,4:04:16,0
2023-01-12,4:04:17,2
2023-01-12,4:04:18,1
2023-01-12,4:04:19,1
2023-01-12,4:04:20,0
2023-01-12,4:04:21,3
2023-01-12,4:04:22,3
2023-01-12,4:04:23,3
2023-01-12,4:04:24,0
2023-01-12,4:04:25,0
2023-01-12,4:04:28,3
2023-01-12,4:04:29,3
2023-01-12,4:04:30,0
2023-01-12,4:04:32,3
2023-01-12,4:04:33,0
2023-01-12,4:04:34,2
2023-01-12,4:04:35,1
2023-01-12,4:04:36,0
2023-01-12,4:04:37,1
2023-01-12,4:04:38,3
2023-01-12,4:04:39,0
2023-01-12,4:04:40,0
2023-01-12,4:04:41,2
2023-01-12,4:04:43,1
2023-01-12,4:04:44,2
2023-01-12,4:04:45,1
2023-01-12,4:04:46,2
2023-01-12,4:04:47,2
2023-01-12,4:04:48,3
2023-01-12,4:04:49,2
2023-01-12,4:04:50,0
2023-01-12,4:04:51,2
2023-01-12,4:04:52,2
2023-01-12,4:04:53,0
2023-01-12,4:04:54,1
2023-01-12,4:04:55,2
2023-01-12,4:04:56,3
2023-01-12,4:04:57,2
2023-01-12,4:04:58,0
2023-01-12,4:04:59,2
2023-01-12,4:05:00,2
2023-01-12,4:05:01,2
2023-01-12,4:05:02,3
2023-01-12,4:05:04,3
2023-01-12,4:05:05,0
2023-01-12,4:05:06,1
2023-01-12,4:05:07,2
2023-01-12,4:05:08,0
2023-01-12,4:05:09,1
2023-01-12,4:05:10,3
2023-01-12,4:05:11,0
2023-01-12,4:05:12,0
2023-01-12,4:05:13,1
2023-01-12,4:05:14,0
2023-01-12,4:05:15,3
2023-01-12,4:05:16,0
2023-01-12,4:05:17,0
2023-01-12,4:05:18,0
2023-01-12,4:05:19,3
2023-01-12,4:05:20,2
2023-01-12,4:05:21,1
2023-01-12,4:05:22,0
2023-01-12,4:05:23,0
2023-01-12,4:05:25,1
2023-01-12,4:05:26,3
2023-01-12,4:05:27,1
2023-01-12,4:05:28,1
2023-01-12,4:05:29,0
2023-01-12,4:05:30,1
2023-01-12,4:05:31,2
2023-01-12,4:05:32,3
2023-01-12,4:05:34,3
2023-01-12,4:05:37,3
2023-01-12,4:05:38,3
2023-01-12,4:05:39,1
2023-01-12,4:05:40,1
2023-01-12,4:05:41,1
2023-01-12,4:05:42,3
2023-01-12,4:05:43,1
2023-01-12,4:05:44,0
2023-01-12,4:05:45,3
2023-01-12,4:05:46,1
2023-01-12,4:05:47,0
2023-01-12,4:05:48,3
2023-01-12,4:05:49,2
2023-01-12,4:05:50,3
2023-01-12,4:05:51,1
2023-01-12,4:05:52,1
2023-01-12,4:05:53,0
2023-01-12,4:05:54,1
2023-01-12,4:05:55,2
2023-01-12,4:05:58,3
2023-01-12,4:05:59,2
2023-01-12,4:06:00,2
2023-01-12,4:06:01,0
2023-01-12,4:06:02,1
2023-01-12,4:06:03,2
2023-01-12,4:06:04,1
2023-01-12,4:06:05,3
2023-01-12,4:06:06,2
2023-01-12,4:06:08,0
2023-01-12,4:06:09,2
2023-01-12,4:06:10,2
2023-01-12,4:06:13,3
2023-01-12,4:06:14,0
2023-01-12,4:06:15,1
2023-01-12,4:06:16,1
2023-01-12,4:06:17,1
2023-01-12,4:06:18,3
2023-01-12,4:06:19,2
2023-01-12,4:06:20,2
2023-01-12,4:06:21,0
2023-01-12,4:06:22,2
2023-01-12,4:06:23,2
2023-01-12,4:06:24,3
2023-01-12,4:06:25,3
2023-01-12,4:06:26,0
2023-01-12,4:06:27,0
2023-01-12,4:06:28,3
2023-01-12,4:06:29,0
2023-01-12,4:06:30,0
2023-01-12,4:06:31,3
2023-01-12,4:06:34,3
2023-01-12,4:06:35,0
2023-01-12,4:06:36,3
2023-01-12,4:06:37,0
2023-01-12,4:06:38,0
2023-01-12,4:06:39,1
2023-01-12,4:06:40,3
2023-01-12,4:06:41,3
2023-01-12,4:06:42,2
2023-01-12,4:06:43,0
2023-01-12,4:06:44,0
2023-01-12,4:06:45,2
2023-01-12,4:06:46,3
2023-01-12,4:06:47,1
2023-01-12,4:06:48,3
2023-01-12,4:06:49,0
2023-01-12,4:06:50,3
2023-01-12,4:06:51,0
2023-01-12,4:06:52,2
2023-01-12,4:06:53,3
2023-01-12,4:06:54,2
2023-01-12,4:06:55,1
2023-01-12,4:06:56,2
2023-01-12,4:06:58,1
2023-01-12,4:06:59,0
2023-01-12,4:07:00,0
2023-01-12,4:07:02,2
2023-01-12,4:07:03,1
2023-01-12,4:07:04,0
2023-01-12,4:07:05,2
2023-01-12,4:07:06,1
2023-01-12,4:07:07,3
2023-01-12,4:07:08,1
2023-01-12,4:07:09,1
2023-01-12,4:07:11,2
2023-01-12,4:07:13,2
2023-01-12,4:07:14,3
2023-01-12,4:07:15,3
2023-01-12,4:07:16,0
2023-01-12,4:07:17,3
2023-01-12,4:07:18,2
2023-01-12,4:07:19,3
2023-01-12,4:07:20,0
2023-01-12,4:07:21,2
2023-01-12,4:07:22,0
2023-01-12,4:07:23,3
2023-01-12,4:07:24,2
2023-01-12,4:07:25,1
2023-01-12,4:07:26,0
2023-01-12,4:07:27,3
2023-01-12,4:07:28,1
2023-01-12,4:07:29,2
2023-01-12,4:07:32,1
2023-01-12,4:07:33,1
2023-01-12,4:07:34,0
2023-01-12,4:07:35,2
2023-01-12,4:07:36,1
2023-01-12,4:07:37,2
2023-01-12,4:07:38,0
2023-01-12,4:07:39,0
2023-01-12,4:07:40,2
2023-01-12,4:07:41,2
2023-01-12,4:07:42,2
2023-01-12,4:07:45,0
2023-01-12,4:07:46,2
2023-01-12,4:07:47,0
2023-01-12,4:07:48,1
2023-01-12,4:07:50,2
2023-01-12,4:07:51,3
2023-01-12,4:07:53,0
2023-01-12,4:07:55,1
2023-01-12,4:07:56,3
2023-01-12,4:07:57,3
2023-01-12,4:07:58,2
2023-01-12,4:07:59,1
2023-01-12,4:08:00,2
2023-01-12,4:08:01,1
2023-01-12,4:08:02,0
2023-01-12,4:08:03,1
2023-01-12,4:08:04,0
2023-01-12,4:08:05,1
2023-01-12,4:08:06,1
2023-01-12,4:08:07,0
2023-01-12,4:08:08,1
2023-01-12,4:08:09,1
2023-01-12,4:08:10,2
2023-01-12,4:08:11,1
2023-01-12,4:08:13,0
2023-01-12,4:08:14,0
2023-01-12,4:08:16,0
2023-01-12,4:08:17,0
2023-01-12,4:08:18,1
2023-01-12,4:08:19,3
2023-01-12,4:08:20,0
2023-01-12,4:08:22,1
2023-01-12,4:08:23,0
2023-01-12,4:08:24,0
2023-01-12,4:08:25,0
2023-01-12,4:08:26,0
2023-01-12,4:08:27,3
2023-01-12,4:08:28,2
2023-01-12,4:08:29,0
2023-01-12,4:08:30,2
2023-01-12,4:08:31,3
2023-01-12,4:08:34,2
2023-01-12,4:08:35,1
2023-01-12,4:08:36,2
2023-01-12,4:08:37,2
2023-01-12,4:08:38,3
2023-01-12,4:08:39,2
2023-01-12,4:08:40,0
2023-01-12,4:08:41,1
2023-01-12,4:08:42,1
2023-01-12,4:08:43,3
2023-01-12,4:08:44,2
2023-01-12,4:08:45,1
2023-01-12,4:08:46,1
2023-01-12,4:08:47,1
2023-01-12,4:08:48,2
2023-01-12,4:08:49,3
2023-01-12,4:08:52,2
2023-01-12,4:08:53,0
2023-01-12,4:08:54,2
2023-01-12,4:08:55,3
2023-01-12,4:08:56,0
2023-01-12,4:08:57,3
2023-01-12,4:08:58,3
2023-01-12,4:08:59,3
2023-01-12,4:09:01,1
2023-01-12,4:09:03,1
2023-01-12,4:09:04,2
2023-01-12,4:09:05,1
2023-01-12,4:09:06,3
2023-01-12,4:09:07,1
2023-01-12,4:09:08,2
2023-01-12,4:09:09,1
2023-01-12,4:09:10,2
2023-01-12,4:09:12,1
2023-01-12,4:09:13,2
2023-01-12,4:09:14,3
2023-01-12,4:09:15,0
2023-01-12,4:09:16,3
2023-01-12,4:09:17,1
2023-01-12,4:09:19,2
2023-01-12,4:09:20,3
2023-01-12,4:09:22,3
2023-01-12,4:09:23,0
2023-01-12,4:09:25,0
2023-01-12,4:09:26,1
2023-01-12,4:09:29,0
2023-01-12,4:09:30,3
2023-01-12,4:09:31,3
2023-01-12,4:09:32,1
2023-01-12,4:09:33,0
2023-01-12,4:09:34,1
2023-01-12,4:09:35,1
2023-01-12,4:09:36,2
2023-01-12,4:09:37,3
2023-01-12,4:09:38,3
2023-01-12,4:09:39,3
2023-01-12,4:09:40,1
2023-01-12,4:09:42,3
2023-01-12,4:09:43,1
2023-01-12,4:09:46,2
2023-01-12,4:09:47,0
2023-01-12,4:09:48,3
2023-01-12,4:09:49,1
2023-01-12,4:09:50,3
2023-01-12,4:09:51,1
2023-01-12,4:09:52,1
2023-01-12,4:09:53,2
2023-01-12,4:09:54,3
2023-01-12,4:09:55,3
2023-01-12,4:09:56,3
2023-01-12,4:09:57,3
2023-01-12,4:09:58,3
2023-01-12,4:09:59,3
2023-01-12,4:10:02,0
2023-01-12,4:10:03,3
2023-01-12,4:10:05,0
2023-01-12,4:10:06,3
2023-01-12,4:10:07,3
2023-01-12,4:10:08,1
2023-01-12,4:10:09,1
2023-01-12,4:10:10,2
2023-01-12,4:10:11,2
2023-01-12,4:10:13,3
2023-01-12,4:10:14,3
2023-01-12,4:10:15,0
2023-01-12,4:10:16,0
2023-01-12,4:10:18,3
2023-01-12,4:10:19,3
2023-01-12,4:10:20,2
2023-01-12,4:10:21,3
2023-01-12,4:10:23,1
2023-01-12,4:10:24,0
2023-01-12,4:10:25,1
2023-01-12,4:10:26,3
2023-01-12,4:10:28,2
2023-01-12,4:10:29,0
2023-01-12,4:10:30,1
2023-01-12,4:10:31,0
2023-01-12,4:10:32,2
2023-01-12,4:10:33,0
2023-01-12,4:10:34,1
2023-01-12,4:10:36,3
2023-01-12,4:10:37,3
2023-01-12,4:10:38,2
2023-01-12,4:10:39,1
2023-01-12,4:10:40,1
2023-01-12,4:10:41,1
2023-01-12,4:10:43,1
2023-01-12,4:10:44,3
2023-01-12,4:10:45,2
2023-01-12,4:10:46,3
2023-01-12,4:10:47,1
2023-01-12,4:10:48,2
2023-01-12,4:10:50,0
2023-01-12,4:10:51,3
2023-01-12,4:10:52,1
2023-01-12,4:10:53,3
2023-01-12,4:10:55,2
2023-01-12,4:10:56,3
2023-01-12,4:10:57,0
2023-01-12,4:10:58,1
2023-01-12,4:10:59,2
2023-01-12,4:11:00,1
2023-01-12,4:11:01,0
2023-01-12,4:11:02,1
2023-01-12,4:11:03,2
2023-01-12,4:11:04,1
2023-01-12,4:11:05,0
2023-01-12,4:11:06,1
2023-01-12,4:11:07,2
2023-01-12,4:11:09,3
2023-01-12,4:11:10,2
2023-01-12,4:11:11,1
2023-01-12,4:11:13,0
2023-01-12,4:11:14,3
2023-01-12,4:11:15,2
2023-01-12,4:11:16,2
2023-01-12,4:11:17,1
2023-01-12,4:11:18,1
2023-01-12,4:11:20,2
2023-01-12,4:11:21,3
2023-01-12,4:11:22,1
2023-01-12,4:11:23,3
2023-01-12,4:11:24,0
2023-01-12,4:11:25,3
2023-01-12,4:11:26,0
2023-01-12,4:11:27,2
2023-01-12,4:11:28,1
2023-01-12,4:11:29,3
2023-01-12,4:11:31,0
2023-01-12,4:11:32,1
2023-01-12,4:11:33,2
2023-01-12,4:11:34,1
2023-01-12,4:11:35,2
2023-01-12,4:11:36,2
2023-01-12,4:11:37,3
2023-01-12,4:11:39,2
2023-01-12,4:11:40,3
2023-01-12,4:11:41,1
2023-01-12,4:11:42,2
2023-01-12,4:11:43,0
2023-01-12,4:11:46,0
2023-01-12,4:11:47,0
2023-01-12,4:11:48,1
2023-01-12,4:11:49,3
2023-01-12,4:11:50,1
2023-01-12,4:11:51,0
2023-01-12,4:11:52,1
2023-01-12,4:11:53,0
2023-01-12,4:11:54,0
2023-01-12,4:11:55,2
2023-01-12,4:11:56,1
2023-01-12,4:11:57,1
2023-01-12,4:11:58,0
2023-01-12,4:11:59,1
2023-01-12,4:12:01,0
2023-01-12,4:12:02,2
2023-01-12,4:12:03,1
2023-01-12,4:12:04,0
2023-01-12,4:12:05,1
2023-01-12,4:12:06,0
2023-01-12,4:12:07,3
2023-01-12,4:12:08,1
2023-01-12,4:12:09,1
2023-01-12,4:12:10,1
2023-01-12,4:12:11,0
2023-01-12,4:12:12,1
2023-01-12,4:12:13,2
2023-01-12,4:12:14,1
2023-01-12,4:12:16,3
2023-01-12,4:12:17,0
2023-01-12,4:12:18,3
2023-01-12,4:12:19,0
2023-01-12,4:12:20,2
2023-01-12,4:12:22,2
2023-01-12,4:12:23,2
2023-01-12,4:12:24,1
2023-01-12,4:12:25,2
2023-01-12,4:12:26,0
2023-01-12,4:12:27,1
2023-01-12,4:12:28,3
2023-01-12,4:12:29,1
2023-01-12,4:12:30,0
2023-01-12,4:12:31,2
2023-01-12,4:12:32,2
2023-01-12,4:12:33,3
2023-01-12,4:12:34,1
2023-01-12,4:12:35,0
2023-01-12,4:12:37,1
2023-01-12,4:12:38,2
2023-01-12,4:12:39,0
2023-01-12,4:12:40,1
2023-01-12,4:12:41,3
2023-01-12,4:12:43,0
2023-01-12,4:12:44,2
2023-01-12,4:12:45,0
2023-01-12,4:12:46,3
2023-01-12,4:12:47,2
2023-01-12,4:12:49,0
2023-01-12,4:12:50,3
2023-01-12,4:12:51,0
2023-01-12,4:12:52,1
2023-01-12,4:12:53,3
2023-01-12,4:12:54,1
2023-01-12,4:12:55,3
2023-01-12,4:12:56,3
2023-01-12,4:12:58,1
2023-01-12,4:12:59,2
2023-01-12,4:13:01,2
2023-01-12,4:13:02,3
2023-01-12,4:13:03,3
2023-01-12,4:13:04,0
2023-01-12,4:13:05,0
2023-01-12,4:13:06,2
2023-01-12,4:13:07,1
2023-01-12,4:13:08,3
2023-01-12,4:13:09,2
2023-01-12,4:13:10,2
2023-01-12,4:13:11,2
2023-01-12,4:13:12,1
2023-01-12,4:13:13,2
2023-01-12,4:13:14,0
2023-01-12,4:13:15,1
2023-01-12,4:13:16,3
2023-01-12,4:13:17,3
2023-01-12,4:13:18,3
2023-01-12,4:13:19,0
2023-01-12,4:13:20,0
2023-01-12,4:13:22,3
2023-01-12,4:13:23,1
2023-01-12,4:13:24,2
2023-01-12,4:13:25,2
2023-01-12,4:13:26,2
2023-01-12,4:13:27,1
2023-01-12,4:13:28,1
2023-01-12,4:13:29,1
2023-01-12,4:13:30,1
2023-01-12,4:13:31,3
2023-01-12,4:13:32,2
2023-01-12,4:13:33,3
2023-01-12,4:13:34,2
2023-01-12,4:13:35,3
2023-01-12,4:13:36,1
2023-01-12,4:13:37,2
2023-01-12,4:13:38,2
2023-01-12,4:13:39,3
2023-01-12,4:13:40,0
2023-01-12,4:13:41,0
2023-01-12,4:13:44,2
2023-01-12,4:13:45,3
2023-01-12,4:13:46,1
2023-01-12,4:13:47,0
2023-01-12,4:13:49,3
2023-01-12,4:13:50,2
2023-01-12,4:13:52,0
2023-01-12,4:13:53,3
2023-01-12,4:13:54,0
2023-01-12,4:13:55,3
2023-01-12,4:13:56,1
2023-01-12,4:13:57,0
2023-01-12,4:13:58,3
2023-01-12,4:14:00,0
2023-01-12,4:14:01,2
2023-01-12,4:14:02,1
2023-01-12,4:14:03,0
2023-01-12,4:14:04,0
2023-01-12,4:14:05,2
2023-01-12,4:14:06,2
2023-01-12,4:14:07,1
2023-01-12,4:14:08,3
2023-01-12,4:14:09,1
2023-01-12,4:14:10,2
2023-01-12,4:14:11,3
2023-01-12,4:14:14,3
2023-01-12,4:14:15,2
2023-01-12,4:14:16,2
2023-01-12,4:14:17,3
2023-01-12,4:14:18,3
2023-01-12,4:14:19,1
2023-01-12,4:14:20,3
2023-01-12,4:14:21,2
2023-01-12,4:14:22,3
2023-01-12,4:14:23,1
2023-01-12,4:14:24,0
2023-01-12,4:14:25,3
2023-01-12,4:14:26,1
2023-01-12,4:14:27,2
2023-01-12,4:14:30,3
2023-01-12,4:14:31,0
2023-01-12,4:14:32,2
2023-01-12,4:14:34,1
2023-01-12,4:14:35,2
2023-01-12,4:14:36,2
2023-01-12,4:14:37,2
2023-01-12,4:14:38,3
2023-01-12,4:14:39,2
2023-01-12,4:14:40,0
2023-01-12,4:14:41,0
2023-01-12,4:14:43,1
2023-01-12,4:14:44,1
2023-01-12,4:14:45,1
2023-01-12,4:14:46,2
2023-01-12,4:14:47,2
2023-01-12,4:14:48,2
2023-01-12,4:14:49,2
2023-01-12,4:14:50,3
2023-01-12,4:14:51,1
2023-01-12,4:14:52,0
2023-01-12,4:14:53,3
2023-01-12,4:14:54,2
2023-01-12,4:14:55,0
2023-01-12,4:14:57,1
2023-01-12,4:14:58,2
2023-01-12,4:14:59,2
2023-01-12,4:15:00,1
2023-01-12,4:15:01,3
2023-01-12,4:15:02,2
2023-01-12,4:15:04,2
2023-01-12,4:15:05,1
2023-01-12,4:15:06,2
2023-01-12,4:15:07,2
2023-01-12,4:15:08,2
2023-01-12,4:15:09,1
2023-01-12,4:15:10,3
2023-01-12,4:15:11,2
2023-01-12,4:15:12,3
2023-01-12,4:15:13,0
2023-01-12,4:15:15,1
2023-01-12,4:15:16,3
2023-01-12,4:15:17,0
2023-01-12,4:15:18,1
2023-01-12,4:15:19,2
2023-01-12,4:15:20,1
2023-01-12,4:15:21,3
2023-01-12,4:15:22,1
2023-01-12,4:15:23,0
2023-01-12,4:15:25,1
2023-01-12,4:15:26,2
2023-01-12,4:15:27,1
2023-01-12,4:15:28,0
2023-01-12,4:15:29,0
2023-01-12,4:15:30,2
2023-01-12,4:15:31,3
2023-01-12,4:15:33,2
2023-01-12,4:15:34,1
2023-01-12,4:15:35,3
2023-01-12,4:15:36,3
2023-01-12,4:15:37,3
2023-01-12,4:15:38,0
2023-01-12,4:15:39,0
2023-01-12,4:15:40,3
2023-01-12,4:15:41,2
2023-01-12,4:15:42,3
2023-01-12,4:15:43,2
2023-01-12,4:15:44,3
2023-01-12,4:15:46,2
2023-01-12,4:15:47,0
2023-01-12,4:15:49,3
2023-01-12,4:15:50,0
2023-01-12,4:15:52,3
2023-01-12,4:15:53,2
2023-01-12,4:15:54,3
2023-01-12,4:15:57,0
2023-01-12,4:15:58,3
2023-01-12,4:15:59,0
2023-01-12,4:16:00,2
2023-01-12,4:16:01,3
2023-01-12,4:16:02,2
2023-01-12,4:16:03,0
2023-01-12,4:16:04,0
2023-01-12,4:16:05,2
2023-01-12,4:16:07,3
2023-01-12,4:16:09,0
2023-01-12,4:16:10,0
2023-01-12,4:16:11,2
2023-01-12,4:16:12,3
2023-01-12,4:16:14,2
2023-01-12,4:16:15,3
2023-01-12,4:16:16,1
2023-01-12,4:16:17,2
2023-01-12,4:16:18,3
2023-01-12,4:16:19,0
2023-01-12,4:16:20,0
2023-01-12,4:16:21,3
2023-01-12,4:16:22,1
2023-01-12,4:16:23,3
2023-01-12,4:16:25,2
2023-01-12,4:16:26,2
2023-01-12,4:16:27,3
2023-01-12,4:16:28,2
2023-01-12,4:16:29,0
2023-01-12,4:16:30,1
2023-01-12,4:16:31,2
2023-01-12,4:16:32,2
2023-01-12,4:16:33,2
2023-01-12,4:16:34,0
2023-01-12,4:16:35,2
2023-01-12,4:16:36,0
2023-01-12,4:16:38,2
2023-01-12,4:16:39,3
2023-01-12,4:16:40,0
2023-01-12,4:16:41,0
2023-01-12,4:16:42,3
2023-01-12,4:16:43,3
2023-01-12,4:16:44,2
2023-01-12,4:16:45,3
2023-01-12,4:16:46,1
2023-01-12,4:16:48,3
2023-01-12,4:16:49,0
2023-01-12,4:16:50,3
2023-01-12,4:16:51,3
2023-01-12,4:16:52,1
2023-01-12,4:16:53,1
2023-01-12,4:16:54,1
2023-01-12,4:16:55,3
2023-01-12,4:16:56,1
2023-01-12,4:16:57,2
2023-01-12,4:16:58,0
2023-01-12,4:16:59,1
2023-01-12,4:17:00,1
2023-01-12,4:17:01,3
2023-01-12,4:17:02,0
2023-01-12,4:17:03,3
2023-01-12,4:17:04,1
2023-01-12,4:17:07,0
2023-01-12,4:17:08,0
2023-01-12,4:17:09,1
2023-01-12,4:17:10,2
2023-01-12,4:17:11,2
2023-01-12,4:17:12,1
2023-01-12,4:17:13,1
2023-01-12,4:17:14,2
2023-01-12,4:17:15,0
2023-01-12,4:17:16,2
2023-01-12,4:17:17,2
2023-01-12,4:17:18,2
2023-01-12,4:17:20,1
2023-01-12,4:17:21,0
2023-01-12,4:17:22,0
2023-01-12,4:17:23,2
2023-01-12,4:17:25,1
2023-01-12,4:17:26,3
2023-01-12,4:17:27,2
2023-01-12,4:17:28,3
2023-01-12,4:17:29,3
2023-01-12,4:17:30,3
2023-01-12,4:17:31,3
2023-01-12,4:17:32,1
2023-01-12,4:17:33,2
2023-01-12,4:17:35,0
2023-01-12,4:17:36,1
2023-01-12,4:17:37,1
2023-01-12,4:17:38,2
2023-01-12,4:17:39,1
2023-01-12,4:17:40,0
2023-01-12,4:17:41,3
2023-01-12,4:17:43,1
2023-01-12,4:17:44,2
2023-01-12,4:17:45,3
2023-01-12,4:17:46,2
2023-01-12,4:17:47,1
2023-01-12,4:17:48,3
2023-01-12,4:17:49,1
2023-01-12,4:17:50,2
2023-01-12,4:17:51,1
2023-01-12,4:17:53,1
2023-01-12,4:17:54,0
2023-01-12,4:17:55,3
2023-01-12,4:17:56,2
2023-01-12,4:17:58,0
2023-01-12,4:17:59,0
2023-01-12,4:18:00,2
2023-01-12,4:18:01,3
2023-01-12,4:18:02,3
2023-01-12,4:18:03,3
2023-01-12,4:18:04,3
2023-01-12,4:18:05,2
2023-01-12,4:18:06,3
2023-01-12,4:18:07,2
2023-01-12,4:18:08,0
2023-01-12,4:18:09,0
2023-01-12,4:18:10,3
2023-01-12,4:18:11,3
2023-01-12,4:18:12,1
2023-01-12,4:18:13,3
2023-01-12,4:18:14,0
2023-01-12,4:18:15,0
2023-01-12,4:18:16,3
2023-01-12,4:18:17,1
2023-01-12,4:18:18,3
2023-01-12,4:18:19,1
2023-01-12,4:18:20,2
2023-01-12,4:18:21,1
2023-01-12,4:18:22,2
2023-01-12,4:18:23,0
2023-01-12,4:18:24,2
2023-01-12,4:18:25,2
2023-01-12,4:18:27,3
2023-01-12,4:18:28,2
2023-01-12,4:18:29,1
2023-01-12,4:18:30,3
2023-01-12,4:18:31,3
2023-01-12,4:18:33,2
2023-01-12,4:18:34,2
2023-01-12,4:18:35,3
2023-01-12,4:18:36,3
2023-01-12,4:18:37,1
2023-01-12,4:18:38,2
2023-01-12,4:18:40,1
2023-01-12,4:18:41,0
2023-01-12,4:18:42,0
2023-01-12,4:18:43,2
2023-01-12,4:18:44,3
2023-01-12,4:18:45,2
2023-01-12,4:18:46,1
2023-01-12,4:18:47,2
2023-01-12,4:18:48,0
2023-01-12,4:18:49,3
2023-01-12,4:18:51,3
2023-01-12,4:18:52,1
2023-01-12,4:18:53,1
2023-01-12,4:18:55,1
2023-01-12,4:18:56,2
2023-01-12,4:18:57,3
2023-01-12,4:18:58,3
2023-01-12,4:18:59,1
2023-01-12,4:19:00,0
2023-01-12,4:19:01,1
2023-01-12,4:19:02,3
2023-01-12,4:19:03,1
2023-01-12,4:19:04,0
2023-01-12,4:19:05,2
2023-01-12,4:19:06,1
2023-01-12,4:19:08,0
2023-01-12,4:19:10,1
2023-01-12,4:19:11,0
2023-01-12,4:19:12,1
2023-01-12,4:19:13,1
2023-01-12,4:19:14,1
2023-01-12,4:19:15,3
2023-01-12,4:19:16,3
2023-01-12,4:19:17,1
2023-01-12,4:19:19,1
2023-01-12,4:19:20,1
2023-01-12,4:19:21,2
2023-01-12,4:19:22,3
2023-01-12,4:19:23,3
2023-01-12,4:19:24,2
2023-01-12,4:19:25,1
2023-01-12,4:19:26,2
2023-01-12,4:19:29,1
2023-01-12,4:19:30,2
2023-01-12,4:19:31,0
2023-01-12,4:19:32,0
2023-01-12,4:19:33,0
2023-01-12,4:19:34,2
2023-01-12,4:19:35,1
2023-01-12,4:19:36,3
2023-01-12,4:19:37,2
2023-01-12,4:19:38,1
2023-01-12,4:19:39,3
2023-01-12,4:19:40,0
2023-01-12,4:19:41,3
2023-01-12,4:19:42,0
2023-01-12,4:19:43,3
2023-01-12,4:19:44,1
2023-01-12,4:19:45,0
2023-01-12,4:19:46,3
2023-01-12,4:19:48,1
2023-01-12,4:19:49,0
2023-01-12,4:19:50,1
2023-01-12,4:19:51,2
2023-01-12,4:19:52,1
2023-01-12,4:19:53,3
2023-01-12,4:19:54,1
2023-01-12,4:19:55,0
2023-01-12,4:19:56,3
2023-01-12,4:19:57,1
2023-01-12,4:19:58,0
2023-01-12,4:19:59,0
2023-01-12,4:20:00,2
2023-01-12,4:20:01,2
2023-01-12,4:20:02,3
2023-01-12,4:20:03,1
2023-01-12,4:20:04,3
2023-01-12,4:20:05,1
2023-01-12,4:20:06,2
2023-01-12,4:20:07,0
2023-01-12,4:20:08,0
2023-01-12,4:20:09,3
2023-01-12,4:20:10,3
2023-01-12,4:20:11,1
2023-01-12,4:20:12,2
2023-01-12,4:20:13,3
2023-01-12,4:20:14,0
2023-01-12,4:20:16,3
2023-01-12,4:20:17,1
2023-01-12,4:20:18,0
2023-01-12,4:20:19,1
2023-01-12,4:20:20,0
2023-01-12,4:20:21,2
2023-01-12,4:20:23,0
2023-01-12,4:20:24,1
2023-01-12,4:20:25,0
2023-01-12,4:20:26,0
2023-01-12,4:20:27,2
2023-01-12,4:20:28,1
2023-01-12,4:20:31,1
2023-01-12,4:20:32,2
2023-01-12,4:20:33,0
2023-01-12,4:20:34,2
2023-01-12,4:20:35,0
2023-01-12,4:20:36,3
2023-01-12,4:20:38,1
2023-01-12,4:20:39,3
2023-01-12,4:20:40,0
2023-01-12,4:20:41,0
2023-01-12,4:20:43,2
2023-01-12,4:20:44,1
2023-01-12,4:20:45,1
2023-01-12,4:20:46,3
2023-01-12,4:20:48,0
2023-01-12,4:20:49,3
2023-01-12,4:20:50,1
2023-01-12,4:20:51,1
2023-01-12,4:20:52,3
2023-01-12,4:20:53,0
2023-01-12,4:20:54,1
2023-01-12,4:20:55,2
2023-01-12,4:20:56,2
2023-01-12,4:20:57,2
2023-01-12,4:20:58,3
2023-01-12,4:20:59,3
2023-01-12,4:21:02,3
2023-01-12,4:21:03,2
2023-01-12,4:21:04,2
2023-01-12,4:21:05,1
2023-01-12,4:21:06,3
2023-01-12,4:21:07,0
2023-01-12,4:21:08,0
2023-01-12,4:21:09,0
2023-01-12,4:21:10,1
2023-01-12,4:21:11,1
2023-01-12,4:21:12,3
2023-01-12,4:21:13,1
2023-01-12,4:21:14,2
2023-01-12,4:21:15,1
2023-01-12,4:21:16,1
2023-01-12,4:21:17,0
2023-01-12,4:21:19,0
2023-01-12,4:21:20,3
2023-01-12,4:21:21,3
2023-01-12,4:21:22,3
2023-01-12,4:21:23,3
2023-01-12,4:21:24,1
2023-01-12,4:21:25,1
2023-01-12,4:21:26,0
2023-01-12,4:21:27,3
2023-01-12,4:21:28,2
2023-01-12,4:21:29,1
2023-01-12,4:21:30,2
2023-01-12,4:21:31,3
2023-01-12,4:21:32,2
2023-01-12,4:21:33,0
2023-01-12,4:21:34,1
2023-01-12,4:21:35,2
2023-01-12,4:21:36,0
2023-01-12,4:21:37,0
2023-01-12,4:21:38,3
2023-01-12,4:21:40,0
2023-01-12,4:21:41,3
2023-01-12,4:21:42,0
2023-01-12,4:21:43,2
2023-01-12,4:21:44,0
2023-01-12,4:21:45,0
2023-01-12,4:21:46,2
2023-01-12,4:21:47,2
2023-01-12,4:21:48,3
2023-01-12,4:21:49,0
2023-01-12,4:21:50,3
2023-01-12,4:21:52,1
2023-01-12,4:21:53,2
2023-01-12,4:21:54,1
2023-01-12,4:21:55,2
2023-01-12,4:21:56,3
2023-01-12,4:21:58,3
2023-01-12,4:21:59,0
2023-01-12,4:22:00,0
2023-01-12,4:22:01,2
2023-01-12,4:22:02,0
2023-01-12,4:22:03,1
2023-01-12,4:22:04,2
2023-01-12,4:22:05,0
2023-01-12,4:22:06,3
2023-01-12,4:22:07,1
2023-01-12,4:22:08,1
2023-01-12,4:22:09,2
2023-01-12,4:22:10,1
2023-01-12,4:22:11,1
2023-01-12,4:22:13,2
2023-01-12,4:22:14,1
2023-01-12,4:22:15,1
2023-01-12,4:22:16,2
2023-01-12,4:22:17,0
2023-01-12,4:22:18,1
2023-01-12,4:22:19,2
2023-01-12,4:22:20,1
2023-01-12,4:22:21,2
2023-01-12,4:22:22,2
2023-01-12,4:22:23,2
2023-01-12,4:22:24,3
2023-01-12,4:22:26,1
2023-01-12,4:22:29,2
2023-01-12,4:22:30,3
2023-01-12,4:22:31,3
2023-01-12,4:22:32,0
2023-01-12,4:22:33,2
2023-01-12,4:22:34,3
2023-01-12,4:22:35,1
2023-01-12,4:22:36,2
2023-01-12,4:22:37,2
2023-01-12,4:22:38,0
2023-01-12,4:22:39,2
2023-01-12,4:22:40,2
2023-01-12,4:22:41,3
2023-01-12,4:22:42,0
2023-01-12,4:22:43,3
2023-01-12,4:22:44,2
2023-01-12,4:22:45,3
2023-01-12,4:22:46,3
2023-01-12,4:22:47,3
2023-01-12,4:22:49,1
2023-01-12,4:22:50,2
2023-01-12,4:22:51,1
2023-01-12,4:22:52,1
2023-01-12,4:22:53,0
2023-01-12,4:22:54,0
2023-01-12,4:22:55,0
2023-01-12,4:22:56,1
2023-01-12,4:22:57,0
2023-01-12,4:22:58,2
2023-01-12,4:22:59,1
2023-01-12,4:23:00,1
2023-01-12,4:23:01,3
2023-01-12,4:23:02,1
2023-01-12,4:23:03,0
2023-01-12,4:23:04,3
2023-01-12,4:23:05,1
2023-01-12,4:23:06,0
2023-01-12,4:23:08,1
2023-01-12,4:23:09,3
2023-01-12,4:23:10,2
2023-01-12,4:23:11,3
2023-01-12,4:23:12,2
2023-01-12,4:23:13,3
2023-01-12,4:23:14,1
2023-01-12,4:23:15,3
2023-01-12,4:23:16,3
2023-01-12,4:23:17,1
2023-01-12,4:23:19,0
2023-01-12,4:23:20,3
2023-01-12,4:23:21,2
2023-01-12,4:23:22,3
2023-01-12,4:23:23,3
2023-01-12,4:23:24,2
2023-01-12,4:23:25,1
2023-01-12,4:23:26,3
2023-01-12,4:23:28,1
2023-01-12,4:23:29,2
2023-01-12,4:23:30,2
2023-01-12,4:23:33,3
2023-01-12,4:23:34,1
2023-01-12,4:23:35,2
2023-01-12,4:23:36,0
2023-01-12,4:23:37,0
2023-01-12,4:23:38,1
2023-01-12,4:23:39,2
2023-01-12,4:23:40,2
2023-01-12,4:23:41,0
2023-01-12,4:23:42,2
2023-01-12,4:23:43,1
2023-01-12,4:23:44,2
2023-01-12,4:23:45,2
2023-01-12,4:23:46,2
2023-01-12,4:23:47,0
2023-01-12,4:23:48,1
2023-01-12,4:23:49,1
2023-01-12,4:23:50,3
2023-01-12,4:23:51,1
2023-01-12,4:23:52,3
2023-01-12,4:23:53,0
2023-01-12,4:23:55,0
2023-01-12,4:23:56,3
2023-01-12,4:23:57,0
2023-01-12,4:23:58,1
2023-01-12,4:23:59,0
2023-01-12,4:24:00,2
2023-01-12,4:24:01,2
2023-01-12,4:24:03,0
2023-01-12,4:24:04,0
2023-01-12,4:24:05,0
2023-01-12,4:24:06,2
2023-01-12,4:24:07,3
2023-01-12,4:24:09,1
2023-01-12,4:24:10,1
2023-01-12,4:24:11,1
2023-01-12,4:24:13,0
2023-01-12,4:24:14,3
2023-01-12,4:24:15,2
2023-01-12,4:24:16,2
2023-01-12,4:24:17,3
2023-01-12,4:24:18,0
2023-01-12,4:24:20,2
2023-01-12,4:24:22,2
2023-01-12,4:24:23,2
2023-01-12,4:24:24,0
2023-01-12,4:24:25,3
2023-01-12,4:24:26,0
2023-01-12,4:24:27,2
2023-01-12,4:24:28,1
2023-01-12,4:24:29,3
2023-01-12,4:24:30,0
2023-01-12,4:24:31,3
2023-01-12,4:24:32,2
2023-01-12,4:24:33,2
2023-01-12,4:24:35,2
2023-01-12,4:24:37,1
2023-01-12,4:24:39,1
2023-01-12,4:24:40,3
2023-01-12,4:24:41,0
2023-01-12,4:24:42,2
2023-01-12,4:24:43,3
2023-01-12,4:24:44,2
2023-01-12,4:24:45,0
2023-01-12,4:24:46,2
2023-01-12,4:24:48,3
2023-01-12,4:24:49,3
2023-01-12,4:24:50,1
2023-01-12,4:24:51,0
2023-01-12,4:24:52,2
2023-01-12,4:24:53,1
2023-01-12,4:24:54,2
2023-01-12,4:24:55,0
2023-01-12,4:24:56,3
2023-01-12,4:24:57,0
2023-01-12,4:24:58,3
2023-01-12,4:24:59,2
2023-01-12,4:25:00,1
2023-01-12,4:25:01,2
2023-01-12,4:25:03,0
2023-01-12,4:25:04,0
2023-01-12,4:25:06,1
2023-01-12,4:25:07,0
2023-01-12,4:25:09,3
2023-01-12,4:25:10,0
2023-01-12,4:25:11,0
2023-01-12,4:25:13,2
2023-01-12,4:25:14,0
2023-01-12,4:25:15,2
2023-01-12,4:25:16,2
2023-01-12,4:25:17,0
2023-01-12,4:25:18,2
2023-01-12,4:25:19,0
2023-01-12,4:25:20,2
2023-01-12,4:25:21,0
2023-01-12,4:25:22,3
2023-01-12,4:25:23,2
2023-01-12,4:25:24,1
2023-01-12,4:25:25,0
2023-01-12,4:25:26,3
2023-01-12,4:25:27,1
2023-01-12,4:25:28,1
2023-01-12,4:25:29,0
2023-01-12,4:25:30,0
2023-01-12,4:25:31,0
2023-01-12,4:25:32,1
2023-01-12,4:25:33,3
2023-01-12,4:25:34,0
2023-01-12,4:25:35,1
2023-01-12,4:25:36,2
2023-01-12,4:25:39,0
2023-01-12,4:25:40,0
2023-01-12,4:25:42,3
2023-01-12,4:25:44,2
2023-01-12,4:25:46,3
2023-01-12,4:25:47,0
2023-01-12,4:25:48,3
2023-01-12,4:25:49,2
2023-01-12,4:25:50,0
2023-01-12,4:25:51,1
2023-01-12,4:25:52,0
2023-01-12,4:25:53,2
2023-01-12,4:25:54,2
2023-01-12,4:25:55,1
2023-01-12,4:25:56,2
2023-01-12,4:25:57,2
2023-01-12,4:25:58,2
2023-01-12,4:25:59,1
2023-01-12,4:26:00,2
2023-01-12,4:26:01,0
2023-01-12,4:26:02,0
2023-01-12,4:26:04,0
2023-01-12,4:26:05,1
2023-01-12,4:26:08,2
2023-01-12,4:26:09,3
2023-01-12,4:26:10,2
2023-01-12,4:26:11,1
2023-01-12,4:26:12,3
2023-01-12,4:26:13,2
2023-01-12,4:26:14,3
2023-01-12,4:26:15,0
2023-01-12,4:26:16,2
2023-01-12,4:26:17,2
2023-01-12,4:26:18,0
2023-01-12,4:26:19,1
2023-01-12,4:26:20,3
2023-01-12,4:26:21,3
2023-01-12,4:26:22,1
2023-01-12,4:26:23,2
2023-01-12,4:26:24,3
2023-01-12,4:26:25,0
2023-01-12,4:26:26,0
2023-01-12,4:26:27,1
2023-01-12,4:26:30,2
2023-01-12,4:26:31,3
2023-01-12,4:26:32,2
2023-01-12,4:26:33,3
2023-01-12,4:26:34,2
2023-01-12,4:26:35,2
2023-01-12,4:26:37,2
2023-01-12,4:26:40,2
2023-01-12,4:26:41,2
2023-01-12,4:26:42,1
2023-01-12,4:26:43,1
2023-01-12,4:26:44,1
2023-01-12,4:26:45,0
2023-01-12,4:26:46,2
2023-01-12,4:26:47,1
2023-01-12,4:26:48,2
2023-01-12,4:26:49,0
2023-01-12,4:26:50,3
2023-01-12,4:26:51,3
2023-01-12,4:26:52,3
2023-01-12,4:26:53,1
2023-01-12,4:26:55,0
2023-01-12,4:26:56,1
2023-01-12,4:26:57,3
2023-01-12,4:26:59,2
2023-01-12,4:27:00,3
2023-01-12,4:27:01,2
2023-01-12,4:27:02,3
2023-01-12,4:27:03,0
2023-01-12,4:27:04,2
2023-01-12,4:27:05,3
2023-01-12,4:27:06,3
2023-01-12,4:27:07,0
2023-01-12,4:27:08,2
2023-01-12,4:27:09,2
2023-01-12,4:27:10,3
2023-01-12,4:27:13,1
2023-01-12,4:27:15,3
2023-01-12,4:27:16,3
2023-01-12,4:27:17,1
2023-01-12,4:27:18,0
2023-01-12,4:27:19,0
2023-01-12,4:27:20,2
2023-01-12,4:27:21,1
2023-01-12,4:27:22,1
2023-01-12,4:27:23,2
2023-01-12,4:27:25,1
2023-01-12,4:27:28,0
2023-01-12,4:27:29,2
2023-01-12,4:27:30,2
2023-01-12,4:27:31,2
2023-01-12,4:27:32,0
2023-01-12,4:27:33,0
2023-01-12,4:27:34,0
2023-01-12,4:27:35,0
2023-01-12,4:27:36,2
2023-01-12,4:27:39,1
2023-01-12,4:27:40,2
2023-01-12,4:27:41,0
2023-01-12,4:27:42,2
2023-01-12,4:27:43,0
2023-01-12,4:27:44,2
2023-01-12,4:27:45,1
2023-01-12,4:27:46,3
2023-01-12,4:27:47,2
2023-01-12,4:27:48,1
2023-01-12,4:27:49,0
2023-01-12,4:27:50,1
2023-01-12,4:27:51,0
2023-01-12,4:27:52,1
2023-01-12,4:27:53,1
2023-01-12,4:27:54,1
2023-01-12,4:27:55,0
2023-01-12,4:27:56,2
2023-01-12,4:27:57,3
2023-01-12,4:27:58,0
2023-01-12,4:27:59,2
2023-01-12,4:28:00,0
2023-01-12,4:28:01,2
2023-01-12,4:28:02,3
2023-01-12,4:28:04,2
2023-01-12,4:28:06,1
2023-01-12,4:28:07,1
2023-01-12,4:28:08,2
2023-01-12,4:28:09,0
2023-01-12,4:28:10,3
2023-01-12,4:28:11,2
2023-01-12,4:28:12,0
2023-01-12,4:28:13,2
2023-01-12,4:28:14,0
2023-01-12,4:28:15,2
2023-01-12,4:28:16,2
2023-01-12,4:28:17,2
2023-01-12,4:28:18,0
2023-01-12,4:28:19,0
2023-01-12,4:28:20,2
2023-01-12,4:28:21,2
2023-01-12,4:28:22,3
2023-01-12,4:28:23,2
2023-01-12,4:28:25,0
2023-01-12,4:28:26,2
2023-01-12,4:28:27,3
2023-01-12,4:28:28,0
2023-01-12,4:28:29,0
2023-01-12,4:28:30,1
2023-01-12,4:28:31,0
2023-01-12,4:28:32,3
2023-01-12,4:28:33,2
2023-01-12,4:28:34,0
2023-01-12,4:28:35,3
2023-01-12,4:28:36,0
2023-01-12,4:28:37,0
2023-01-12,4:28:38,0
2023-01-12,4:28:39,1
2023-01-12,4:28:40,3
2023-01-12,4:28:41,3
2023-01-12,4:28:42,1
2023-01-12,4:28:43,3
2023-01-12,4:28:44,2
2023-01-12,4:28:45,2
2023-01-12,4:28:46,2
2023-01-12,4:28:47,3
2023-01-12,4:28:49,3
2023-01-12,4:28:50,0
2023-01-12,4:28:51,3
2023-01-12,4:28:52,3
2023-01-12,4:28:53,2
2023-01-12,4:28:54,3
2023-01-12,4:28:55,1
2023-01-12,4:28:56,1
2023-01-12,4:28:57,2
2023-01-12,4:28:58,2
2023-01-12,4:28:59,1
2023-01-12,4:29:00,1
2023-01-12,4:29:01,1
2023-01-12,4:29:02,3
2023-01-12,4:29:04,0
2023-01-12,4:29:05,0
2023-01-12,4:29:06,1
2023-01-12,4:29:07,3
2023-01-12,4:29:08,3
2023-01-12,4:29:10,0
2023-01-12,4:29:11,3
2023-01-12,4:29:12,2
2023-01-12,4:29:13,3
2023-01-12,4:29:14,2
2023-01-12,4:29:15,1
2023-01-12,4:29:16,0
2023-01-12,4:29:17,0
2023-01-12,4:29:18,1
2023-01-12,4:29:19,0
2023-01-12,4:29:20,2
2023-01-12,4:29:21,0
2023-01-12,4:29:22,0
2023-01-12,4:29:23,2
2023-01-12,4:29:24,2
2023-01-12,4:29:25,3
2023-01-12,4:29:26,3
2023-01-12,4:29:27,1
2023-01-12,4:29:28,1
2023-01-12,4:29:29,2
2023-01-12,4:29:30,3
2023-01-12,4:29:31,0
2023-01-12,4:29:32,3
2023-01-12,4:29:33,1
2023-01-12,4:29:34,1
2023-01-12,4:29:35,2
2023-01-12,4:29:36,2
2023-01-12,4:29:37,0
2023-01-12,4:29:38,0
2023-01-12,4:29:39,2
2023-01-12,4:29:40,0
2023-01-12,4:29:41,2
2023-01-12,4:29:43,3
2023-01-12,4:29:44,3
2023-01-12,4:29:45,1
2023-01-12,4:29:46,0
2023-01-12,4:29:47,1
2023-01-12,4:29:48,0
2023-01-12,4:29:49,1
2023-01-12,4:29:50,1
2023-01-12,4:29:51,1
2023-01-12,4:29:52,3
2023-01-12,4:29:53,3
2023-01-12,4:29:54,0
2023-01-12,4:29:55,3
2023-01-12,4:29:56,2
2023-01-12,4:29:57,1
2023-01-12,4:29:58,3
2023-01-12,4:29:59,2
2023-01-12,4:30:00,3
2023-01-12,4:30:01,1
2023-01-12,4:30:02,3
2023-01-12,4:30:03,3
2023-01-12,4:30:06,1
2023-01-12,4:30:07,3
2023-01-12,4:30:08,3
2023-01-12,4:30:09,0
2023-01-12,4:30:10,1
2023-01-12,4:30:11,2
2023-01-12,4:30:12,3
2023-01-12,4:30:13,3
2023-01-12,4:30:14,0
2023-01-12,4:30:16,0
2023-01-12,4:30:17,3
2023-01-12,4:30:19,3
2023-01-12,4:30:20,0
2023-01-12,4:30:21,1
2023-01-12,4:30:22,0
2023-01-12,4:30:23,0
2023-01-12,4:30:24,2
2023-01-12,4:30:25,2
2023-01-12,4:30:27,3
2023-01-12,4:30:29,3
2023-01-12,4:30:30,0
2023-01-12,4:30:31,0
2023-01-12,4:30:32,0
2023-01-12,4:30:33,0
2023-01-12,4:30:34,3
2023-01-12,4:30:35,1
2023-01-12,4:30:38,3
2023-01-12,4:30:39,0
2023-01-12,4:30:41,2
2023-01-12,4:30:42,1
2023-01-12,4:30:43,1
2023-01-12,4:30:44,1
2023-01-12,4:30:45,1
2023-01-12,4:30:46,3
2023-01-12,4:30:47,1
2023-01-12,4:30:49,3
2023-01-12,4:30:50,1
2023-01-12,4:30:51,3
2023-01-12,4:30:52,3
2023-01-12,4:30:54,2
2023-01-12,4:30:55,1
2023-01-12,4:30:56,2
2023-01-12,4:30:57,1
2023-01-12,4:30:58,2
2023-01-12,4:30:59,0
2023-01-12,4:31:00,0
2023-01-12,4:31:01,3
2023-01-12,4:31:02,0
2023-01-12,4:31:03,1
2023-01-12,4:31:04,3
2023-01-12,4:31:05,0
2023-01-12,4:31:06,0
2023-01-12,4:31:07,1
2023-01-12,4:31:08,3
2023-01-12,4:31:10,2
2023-01-12,4:31:11,0
2023-01-12,4:31:12,2
2023-01-12,4:31:13,3
2023-01-12,4:31:14,1
2023-01-12,4:31:15,3
2023-01-12,4:31:16,2
2023-01-12,4:31:17,3
2023-01-12,4:31:18,0
2023-01-12,4:31:19,2
2023-01-12,4:31:20,2
2023-01-12,4:31:21,2
2023-01-12,4:31:22,2
2023-01-12,4:31:24,0
2023-01-12,4:31:25,3
2023-01-12,4:31:26,0
2023-01-12,4:31:27,2
2023-01-12,4:31:28,2
2023-01-12,4:31:29,2
2023-01-12,4:31:30,0
2023-01-12,4:31:31,2
2023-01-12,4:31:32,2
2023-01-12,4:31:33,3
2023-01-12,4:31:34,1
2023-01-12,4:31:35,0
2023-01-12,4:31:37,2
2023-01-12,4:31:39,2
2023-01-12,4:31:40,2
2023-01-12,4:31:41,3
2023-01-12,4:31:42,3
2023-01-12,4:31:43,0
2023-01-12,4:31:44,0
2023-01-12,4:31:45,3
2023-01-12,4:31:46,1
2023-01-12,4:31:47,0
2023-01-12,4:31:49,0
2023-01-12,4:31:51,0
2023-01-12,4:31:52,2
2023-01-12,4:31:53,2
2023-01-12,4:31:54,0
2023-01-12,4:31:55,3
2023-01-12,4:31:56,2
2023-01-12,4:31:57,1
2023-01-12,4:31:58,2
2023-01-12,4:31:59,0
2023-01-12,4:32:00,1
2023-01-12,4:32:01,2
2023-01-12,4:32:02,2
2023-01-12,4:32:03,0
2023-01-12,4:32:04,0
2023-01-12,4:32:05,1
2023-01-12,4:32:06,2
2023-01-12,4:32:07,1
2023-01-12,4:32:08,0
2023-01-12,4:32:09,1
2023-01-12,4:32:10,0
2023-01-12,4:32:11,1
2023-01-12,4:32:12,0
2023-01-12,4:32:13,2
2023-01-12,4:32:14,2
2023-01-12,4:32:16,0
2023-01-12,4:32:18,0
2023-01-12,4:32:19,0
2023-01-12,4:32:20,0
2023-01-12,4:32:21,1
2023-01-12,4:32:22,1
2023-01-12,4:32:23,3
2023-01-12,4:32:24,1
2023-01-12,4:32:25,0
2023-01-12,4:32:28,3
2023-01-12,4:32:29,0
2023-01-12,4:32:30,3
2023-01-12,4:32:31,3
2023-01-12,4:32:33,2
2023-01-12,4:32:34,1
2023-01-12,4:32:35,3
2023-01-12,4:32:36,0
2023-01-12,4:32:37,0
2023-01-12,4:32:38,1
2023-01-12,4:32:39,2
2023-01-12,4:32:40,0
2023-01-12,4:32:42,3
2023-01-12,4:32:43,2
2023-01-12,4:32:46,3
2023-01-12,4:32:47,2
2023-01-12,4:32:48,2
2023-01-12,4:32:49,3
2023-01-12,4:32:50,2
2023-01-12,4:32:51,3
2023-01-12,4:32:52,3
2023-01-12,4:32:53,2
2023-01-12,4:32:55,0
2023-01-12,4:32:57,3
2023-01-12,4:32:58,3
2023-01-12,4:32:59,3
2023-01-12,4:33:00,3
2023-01-12,4:33:01,2
2023-01-12,4:33:02,1
2023-01-12,4:33:03,0
2023-01-12,4:33:04,2
2023-01-12,4:33:05,2
2023-01-12,4:33:06,0
2023-01-12,4:33:07,2
2023-01-12,4:33:08,1
2023-01-12,4:33:09,0
2023-01-12,4:33:10,1
2023-01-12,4:33:11,2
2023-01-12,4:33:12,3
2023-01-12,4:33:13,3
2023-01-12,4:33:16,1
2023-01-12,4:33:17,0
2023-01-12,4:33:18,1
2023-01-12,4:33:19,3
2023-01-12,4:33:20,0
2023-01-12,4:33:22,2
2023-01-12,4:33:23,1
2023-01-12,4:33:24,1
2023-01-12,4:33:25,1
2023-01-12,4:33:26,2
2023-01-12,4:33:28,3
2023-01-12,4:33:29,2
2023-01-12,4:33:30,1
2023-01-12,4:33:31,2
2023-01-12,4:33:32,0
2023-01-12,4:33:33,0
2023-01-12,4:33:34,3
2023-01-12,4:33:36,0
2023-01-12,4:33:37,3
2023-01-12,4:33:38,2
2023-01-12,4:33:39,2
2023-01-12,4:33:40,1
2023-01-12,4:33:41,3
2023-01-12,4:33:43,3
2023-01-12,4:33:44,3
2023-01-12,4:33:45,0
2023-01-12,4:33:47,3
2023-01-12,4:33:48,0
2023-01-12,4:33:49,0
2023-01-12,4:33:50,2
2023-01-12,4:33:51,1
2023-01-12,4:33:52,3
2023-01-12,4:33:53,3
2023-01-12,4:33:54,3
2023-01-12,4:33:55,1
2023-01-12,4:33:56,3
2023-01-12,4:33:58,1
2023-01-12,4:33:59,1
2023-01-12,4:34:01,3
2023-01-12,4:34:02,1
2023-01-12,4:34:03,2
2023-01-12,4:34:04,1
2023-01-12,4:34:05,1
2023-01-12,4:34:06,2
2023-01-12,4:34:07,1
2023-01-12,4:34:08,3
2023-01-12,4:34:09,1
2023-01-12,4:34:10,2
2023-01-12,4:34:11,1
2023-01-12,4:34:13,1
2023-01-12,4:34:14,0
2023-01-12,4:34:15,1
2023-01-12,4:34:16,3
2023-01-12,4:34:17,0
2023-01-12,4:34:18,0
2023-01-12,4:34:19,0
2023-01-12,4:34:20,1
2023-01-12,4:34:21,1
2023-01-12,4:34:22,3
2023-01-12,4:34:23,3
2023-01-12,4:34:24,3
2023-01-12,4:34:25,0
2023-01-12,4:34:26,1
2023-01-12,4:34:27,2
2023-01-12,4:34:28,1
2023-01-12,4:34:29,3
2023-01-12,4:34:30,2
2023-01-12,4:34:31,1
2023-01-12,4:34:32,0
2023-01-12,4:34:33,1
2023-01-12,4:34:34,2
2023-01-12,4:34:36,2
2023-01-12,4:34:37,0
2023-01-12,4:34:38,2
2023-01-12,4:34:39,0
2023-01-12,4:34:40,1
2023-01-12,4:34:41,0
2023-01-12,4:34:43,0
2023-01-12,4:34:44,2
2023-01-12,4:34:46,0
2023-01-12,4:34:47,3
2023-01-12,4:34:48,0
2023-01-12,4:34:49,3
2023-01-12,4:34:50,3
2023-01-12,4:34:52,2
2023-01-12,4:34:54,0
2023-01-12,4:34:55,0
2023-01-12,4:34:56,3
2023-01-12,4:34:58,2
2023-01-12,4:35:00,1
2023-01-12,4:35:03,2
2023-01-12,4:35:04,0
2023-01-12,4:35:05,1
2023-01-12,4:35:06,0
2023-01-12,4:35:07,1
2023-01-12,4:35:08,1
2023-01-12,4:35:09,3
2023-01-12,4:35:10,2
2023-01-12,4:35:11,1
2023-01-12,4:35:12,2
2023-01-12,4:35:13,0
2023-01-12,4:35:14,3
2023-01-12,4:35:15,2
2023-01-12,4:35:16,0
2023-01-12,4:35:17,2
2023-01-12,4:35:18,1
2023-01-12,4:35:19,0
2023-01-12,4:35:20,0
2023-01-12,4:35:22,0
2023-01-12,4:35:23,2
2023-01-12,4:35:25,3
2023-01-12,4:35:26,0
2023-01-12,4:35:27,3
2023-01-12,4:35:28,3
2023-01-12,4:35:29,0
2023-01-12,4:35:30,2
2023-01-12,4:35:31,1
2023-01-12,4:35:32,1
2023-01-12,4:35:33,3
2023-01-12,4:35:34,0
2023-01-12,4:35:35,3
2023-01-12,4:35:36,3
2023-01-12,4:35:37,3
2023-01-12,4:35:38,2
2023-01-12,4:35:40,3
2023-01-12,4:35:41,2
2023-01-12,4:35:42,1
2023-01-12,4:35:43,0
2023-01-12,4:35:44,0
2023-01-12,4:35:45,2
2023-01-12,4:35:46,1
2023-01-12,4:35:47,1
2023-01-12,4:35:48,2
2023-01-12,4:35:49,0
2023-01-12,4:35:50,3
2023-01-12,4:35:52,0
2023-01-12,4:35:53,2
2023-01-12,4:35:54,2
2023-01-12,4:35:55,1
2023-01-12,4:35:58,1
2023-01-12,4:35:59,3
2023-01-12,4:36:00,3
2023-01-12,4:36:01,2
2023-01-12,4:36:02,3
2023-01-12,4:36:03,1
2023-01-12,4:36:04,1
2023-01-12,4:36:06,1
2023-01-12,4:36:07,2
2023-01-12,4:36:08,3
2023-01-12,4:36:09,3
2023-01-12,4:36:10,0
2023-01-12,4:36:11,2
2023-01-12,4:36:13,3
2023-01-12,4:36:14,0
2023-01-12,4:36:15,2
2023-01-12,4:36:16,0
2023-01-12,4:36:17,3
2023-01-12,4:36:18,3
2023-01-12,4:36:19,1
2023-01-12,4:36:20,0
2023-01-12,4:36:21,0
2023-01-12,4:36:22,0
2023-01-12,4:36:23,3
2023-01-12,4:36:24,2
2023-01-12,4:36:25,1
2023-01-12,4:36:26,1
2023-01-12,4:36:28,2
2023-01-12,4:36:29,3
2023-01-12,4:36:30,3
2023-01-12,4:36:33,0
2023-01-12,4:36:34,3
2023-01-12,4:36:35,3
2023-01-12,4:36:36,0
2023-01-12,4:36:37,2
2023-01-12,4:36:38,1
2023-01-12,4:36:39,3
2023-01-12,4:36:40,1
2023-01-12,4:36:42,3
2023-01-12,4:36:43,0
2023-01-12,4:36:44,2
2023-01-12,4:36:46,1
2023-01-12,4:36:47,3
2023-01-12,4:36:48,0
2023-01-12,4:36:49,1
2023-01-12,4:36:50,1
2023-01-12,4:36:51,3
2023-01-12,4:36:52,2
2023-01-12,4:36:53,2
2023-01-12,4:36:54,1
2023-01-12,4:36:55,2
2023-01-12,4:36:56,0
2023-01-12,4:36:57,3
2023-01-12,4:36:58,0
2023-01-12,4:36:59,0
2023-01-12,4:37:00,1
2023-01-12,4:37:01,3
2023-01-12,4:37:02,3
2023-01-12,4:37:04,0
2023-01-12,4:37:05,2
2023-01-12,4:37:06,0
2023-01-12,4:37:07,3
2023-01-12,4:37:08,1
2023-01-12,4:37:09,2
2023-01-12,4:37:10,3
2023-01-12,4:37:11,3
2023-01-12,4:37:12,1
2023-01-12,4:37:13,2
2023-01-12,4:37:14,0
2023-01-12,4:37:15,3
2023-01-12,4:37:16,2
2023-01-12,4:37:17,3
2023-01-12,4:37:18,0
2023-01-12,4:37:19,2
2023-01-12,4:37:21,3
2023-01-12,4:37:22,2
2023-01-12,4:37:23,0
2023-01-12,4:37:25,0
2023-01-12,4:37:26,2
2023-01-12,4:37:27,0
2023-01-12,4:37:29,2
2023-01-12,4:37:30,3
2023-01-12,4:37:31,0
2023-01-12,4:37:32,1
2023-01-12,4:37:33,1
2023-01-12,4:37:34,3
2023-01-12,4:37:35,3
2023-01-12,4:37:36,2
2023-01-12,4:37:37,3
2023-01-12,4:37:38,1
2023-01-12,4:37:39,2
2023-01-12,4:37:40,0
2023-01-12,4:37:41,0
2023-01-12,4:37:42,0
2023-01-12,4:37:43,0
2023-01-12,4:37:44,3
2023-01-12,4:37:46,3
2023-01-12,4:37:47,1
2023-01-12,4:37:48,0
2023-01-12,4:37:49,2
2023-01-12,4:37:50,0
2023-01-12,4:37:51,0
2023-01-12,4:37:52,2
2023-01-12,4:37:53,2
2023-01-12,4:37:54,2
2023-01-12,4:37:55,2
2023-01-12,4:37:59,3
2023-01-12,4:38:01,1
2023-01-12,4:38:02,1
2023-01-12,4:38:03,1
2023-01-12,4:38:04,0
2023-01-12,4:38:05,2
2023-01-12,4:38:06,1
2023-01-12,4:38:07,0
2023-01-12,4:38:08,0
2023-01-12,4:38:09,0
2023-01-12,4:38:10,2
2023-01-12,4:38:11,3
2023-01-12,4:38:12,0
2023-01-12,4:38:13,3
2023-01-12,4:38:14,3
2023-01-12,4:38:15,3
2023-01-12,4:38:16,2
2023-01-12,4:38:19,2
2023-01-12,4:38:20,0
2023-01-12,4:38:21,2
2023-01-12,4:38:22,3
2023-01-12,4:38:23,3
2023-01-12,4:38:24,1
2023-01-12,4:38:25,0
2023-01-12,4:38:26,3
2023-01-12,4:38:27,3
2023-01-12,4:38:28,3
2023-01-12,4:38:29,3
2023-01-12,4:38:30,3
2023-01-12,4:38:31,1
2023-01-12,4:38:33,1
2023-01-12,4:38:34,1
2023-01-12,4:38:35,3
2023-01-12,4:38:37,2
2023-01-12,4:38:38,0
2023-01-12,4:38:39,2
2023-01-12,4:38:40,0
2023-01-12,4:38:41,1
2023-01-12,4:38:43,1
2023-01-12,4:38:44,3
2023-01-12,4:38:45,3
2023-01-12,4:38:46,3
2023-01-12,4:38:47,0
2023-01-12,4:38:48,0
2023-01-12,4:38:49,0
2023-01-12,4:38:50,3
2023-01-12,4:38:51,0
2023-01-12,4:38:52,0
2023-01-12,4:38:53,2
2023-01-12,4:38:55,1
2023-01-12,4:38:56,2
2023-01-12,4:38:57,3
2023-01-12,4:38:58,1
2023-01-12,4:38:59,0
2023-01-12,4:39:00,2
2023-01-12,4:39:01,3
2023-01-12,4:39:02,3
2023-01-12,4:39:03,1
2023-01-12,4:39:04,2
2023-01-12,4:39:05,0
2023-01-12,4:39:06,2
2023-01-12,4:39:07,1
2023-01-12,4:39:08,1
2023-01-12,4:39:09,3
2023-01-12,4:39:10,3
2023-01-12,4:39:11,1
2023-01-12,4:39:12,0
2023-01-12,4:39:15,1
2023-01-12,4:39:16,3
2023-01-12,4:39:17,1
2023-01-12,4:39:18,2
2023-01-12,4:39:19,1
2023-01-12,4:39:20,1
2023-01-12,4:39:22,1
2023-01-12,4:39:23,2
2023-01-12,4:39:24,3
2023-01-12,4:39:25,3
2023-01-12,4:39:26,1
2023-01-12,4:39:29,0
2023-01-12,4:39:30,3
2023-01-12,4:39:31,3
2023-01-12,4:39:32,3
2023-01-12,4:39:33,1
2023-01-12,4:39:34,1
2023-01-12,4:39:36,3
2023-01-12,4:39:37,1
2023-01-12,4:39:38,3
2023-01-12,4:39:39,3
2023-01-12,4:39:40,3
2023-01-12,4:39:41,0
2023-01-12,4:39:42,2
2023-01-12,4:39:43,3
2023-01-12,4:39:44,3
2023-01-12,4:39:46,0
2023-01-12,4:39:47,0
2023-01-12,4:39:48,1
2023-01-12,4:39:49,2
2023-01-12,4:39:50,1
2023-01-12,4:39:51,0
2023-01-12,4:39:52,2
2023-01-12,4:39:53,3
2023-01-12,4:39:54,2
2023-01-12,4:39:55,1
2023-01-12,4:39:56,1
2023-01-12,4:39:57,3
2023-01-12,4:39:58,0
2023-01-12,4:39:59,2
2023-01-12,4:40:00,0
2023-01-12,4:40:01,1
2023-01-12,4:40:02,3
2023-01-12,4:40:03,0
2023-01-12,4:40:04,2
2023-01-12,4:40:05,0
2023-01-12,4:40:06,2
2023-01-12,4:40:07,1
2023-01-12,4:40:08,3
2023-01-12,4:40:09,0
2023-01-12,4:40:10,3
2023-01-12,4:40:11,0
2023-01-12,4:40:13,1
2023-01-12,4:40:14,1
2023-01-12,4:40:15,1
2023-01-12,4:40:16,1
2023-01-12,4:40:17,3
2023-01-12,4:40:18,2
2023-01-12,4:40:19,2
2023-01-12,4:40:20,2
2023-01-12,4:40:21,0
2023-01-12,4:40:23,0
2023-01-12,4:40:24,0
2023-01-12,4:40:25,0
2023-01-12,4:40:26,2
2023-01-12,4:40:28,0
2023-01-12,4:40:29,1
2023-01-12,4:40:30,0
2023-01-12,4:40:31,0
2023-01-12,4:40:32,1
2023-01-12,4:40:33,3
2023-01-12,4:40:34,2
2023-01-12,4:40:35,2
2023-01-12,4:40:36,3
2023-01-12,4:40:37,3
2023-01-12,4:40:38,1
2023-01-12,4:40:39,0
2023-01-12,4:40:41,3
2023-01-12,4:40:42,0
2023-01-12,4:40:43,3
2023-01-12,4:40:44,0
2023-01-12,4:40:46,3
2023-01-12,4:40:48,0
2023-01-12,4:40:50,1
2023-01-12,4:40:51,3
2023-01-12,4:40:52,1
2023-01-12,4:40:53,2
2023-01-12,4:40:55,0
2023-01-12,4:40:56,1
2023-01-12,4:40:58,1
2023-01-12,4:40:59,1
2023-01-12,4:41:00,3
2023-01-12,4:41:01,0
2023-01-12,4:41:02,2
2023-01-12,4:41:04,2
2023-01-12,4:41:05,3
2023-01-12,4:41:06,0
2023-01-12,4:41:07,2
2023-01-12,4:41:08,2
2023-01-12,4:41:09,1
2023-01-12,4:41:10,2
2023-01-12,4:41:11,1
2023-01-12,4:41:12,1
2023-01-12,4:41:13,2
2023-01-12,4:41:14,0
2023-01-12,4:41:15,0
2023-01-12,4:41:16,1
2023-01-12,4:41:17,2
2023-01-12,4:41:19,2
2023-01-12,4:41:21,3
2023-01-12,4:41:22,0
2023-01-12,4:41:23,3
2023-01-12,4:41:24,2
2023-01-12,4:41:25,3
2023-01-12,4:41:26,1
2023-01-12,4:41:27,0
2023-01-12,4:41:28,3
2023-01-12,4:41:29,3
2023-01-12,4:41:30,1
2023-01-12,4:41:31,1
2023-01-12,4:41:32,2
2023-01-12,4:41:34,1
2023-01-12,4:41:35,3
2023-01-12,4:41:36,2
2023-01-12,4:41:37,3
2023-01-12,4:41:38,0
2023-01-12,4:41:39,2
2023-01-12,4:41:40,3
2023-01-12,4:41:41,0
2023-01-12,4:41:42,3
2023-01-12,4:41:43,1
2023-01-12,4:41:44,2
2023-01-12,4:41:45,1
2023-01-12,4:41:46,2
2023-01-12,4:41:47,0
2023-01-12,4:41:48,3
2023-01-12,4:41:49,2
2023-01-12,4:41:52,2
2023-01-12,4:41:53,0
2023-01-12,4:41:54,3
2023-01-12,4:41:55,3
2023-01-12,4:41:56,0
2023-01-12,4:41:58,2
2023-01-12,4:41:59,1
2023-01-12,4:42:00,0
2023-01-12,4:42:02,2
2023-01-12,4:42:03,1
2023-01-12,4:42:04,1
2023-01-12,4:42:05,1
2023-01-12,4:42:07,1
2023-01-12,4:42:08,3
2023-01-12,4:42:09,0
2023-01-12,4:42:10,0
2023-01-12,4:42:11,1
2023-01-12,4:42:12,3
2023-01-12,4:42:13,1
2023-01-12,4:42:14,2
2023-01-12,4:42:15,2
2023-01-12,4:42:17,2
2023-01-12,4:42:18,0
2023-01-12,4:42:19,2
2023-01-12,4:42:20,2
2023-01-12,4:42:21,1
2023-01-12,4:42:22,2
2023-01-12,4:42:23,2
2023-01-12,4:42:25,2
2023-01-12,4:42:26,2
2023-01-12,4:42:27,3
2023-01-12,4:42:28,3
2023-01-12,4:42:29,2
2023-01-12,4:42:30,2
2023-01-12,4:42:31,1
2023-01-12,4:42:34,2
2023-01-12,4:42:35,1
2023-01-12,4:42:36,1
2023-01-12,4:42:37,1
2023-01-12,4:42:40,3
2023-01-12,4:42:41,1
2023-01-12,4:42:42,2
2023-01-12,4:42:43,1
2023-01-12,4:42:44,3
2023-01-12,4:42:46,0
2023-01-12,4:42:47,1
2023-01-12,4:42:48,3
2023-01-12,4:42:49,3
2023-01-12,4:42:50,0
2023-01-12,4:42:51,1
2023-01-12,4:42:52,3
2023-01-12,4:42:53,3
2023-01-12,4:42:55,2
2023-01-12,4:42:56,1
2023-01-12,4:42:58,0
2023-01-12,4:42:59,0
2023-01-12,4:43:00,3
2023-01-12,4:43:01,1
2023-01-12,4:43:02,0
2023-01-12,4:43:03,2
2023-01-12,4:43:04,3
2023-01-12,4:43:05,3
2023-01-12,4:43:06,1
2023-01-12,4:43:07,0
2023-01-12,4:43:09,1
2023-01-12,4:43:10,1
2023-01-12,4:43:11,3
2023-01-12,4:43:14,3
2023-01-12,4:43:15,2
2023-01-12,4:43:16,2
2023-01-12,4:43:17,2
2023-01-12,4:43:18,3
2023-01-12,4:43:19,1
2023-01-12,4:43:21,2
2023-01-12,4:43:22,0
2023-01-12,4:43:23,3
2023-01-12,4:43:24,0
2023-01-12,4:43:25,1
2023-01-12,4:43:26,1
2023-01-12,4:43:29,0
2023-01-12,4:43:30,2
2023-01-12,4:43:31,3
2023-01-12,4:43:32,2
2023-01-12,4:43:33,1
2023-01-12,4:43:34,2
2023-01-12,4:43:35,0
2023-01-12,4:43:36,0
2023-01-12,4:43:37,1
2023-01-12,4:43:38,2
2023-01-12,4:43:39,0
2023-01-12,4:43:40,3
2023-01-12,4:43:41,0
2023-01-12,4:43:42,1
2023-01-12,4:43:43,3
2023-01-12,4:43:44,0
2023-01-12,4:43:45,1
2023-01-12,4:43:46,0
2023-01-12,4:43:47,1
2023-01-12,4:43:49,1
2023-01-12,4:43:50,3
2023-01-12,4:43:51,2
2023-01-12,4:43:52,3
2023-01-12,4:43:53,1
2023-01-12,4:43:54,2
2023-01-12,4:43:55,2
2023-01-12,4:43:56,0
2023-01-12,4:43:57,1
2023-01-12,4:43:59,0
2023-01-12,4:44:00,0
2023-01-12,4:44:01,0
2023-01-12,4:44:02,0
2023-01-12,4:44:03,2
2023-01-12,4:44:04,3
2023-01-12,4:44:05,3
2023-01-12,4:44:06,3
2023-01-12,4:44:07,0
2023-01-12,4:44:08,1
2023-01-12,4:44:10,0
2023-01-12,4:44:11,2
2023-01-12,4:44:12,1
2023-01-12,4:44:13,1
2023-01-12,4:44:14,1
2023-01-12,4:44:15,1
2023-01-12,4:44:16,2
2023-01-12,4:44:17,3
2023-01-12,4:44:18,2
2023-01-12,4:44:19,2
2023-01-12,4:44:20,2
2023-01-12,4:44:21,2
2023-01-12,4:44:22,2
2023-01-12,4:44:25,2
2023-01-12,4:44:26,3
2023-01-12,4:44:27,0
2023-01-12,4:44:28,2
2023-01-12,4:44:29,1
2023-01-12,4:44:30,2
2023-01-12,4:44:31,1
2023-01-12,4:44:32,3
2023-01-12,4:44:33,2
2023-01-12,4:44:34,1
2023-01-12,4:44:35,2
2023-01-12,4:44:36,0
2023-01-12,4:44:37,0
2023-01-12,4:44:38,1
2023-01-12,4:44:39,0
2023-01-12,4:44:40,0
2023-01-12,4:44:41,0
2023-01-12,4:44:42,1
2023-01-12,4:44:43,3
2023-01-12,4:44:44,3
2023-01-12,4:44:45,0
2023-01-12,4:44:46,0
2023-01-12,4:44:47,2
2023-01-12,4:44:48,3
2023-01-12,4:44:49,2
2023-01-12,4:44:50,0
2023-01-12,4:44:52,2
2023-01-12,4:44:53,3
2023-01-12,4:44:54,3
2023-01-12,4:44:55,0
2023-01-12,4:44:56,2
2023-01-12,4:44:57,3
2023-01-12,4:44:58,1
2023-01-12,4:45:00,1
2023-01-12,4:45:01,1
2023-01-12,4:45:04,0
2023-01-12,4:45:05,2
2023-01-12,4:45:06,1
2023-01-12,4:45:07,2
2023-01-12,4:45:08,1
2023-01-12,4:45:09,2
2023-01-12,4:45:10,1
2023-01-12,4:45:11,2
2023-01-12,4:45:12,0
2023-01-12,4:45:13,3
2023-01-12,4:45:14,0
2023-01-12,4:45:15,1
2023-01-12,4:45:16,3
2023-01-12,4:45:17,1
2023-01-12,4:45:18,2
2023-01-12,4:45:19,1
2023-01-12,4:45:20,0
2023-01-12,4:45:21,2
2023-01-12,4:45:22,2
2023-01-12,4:45:23,2
2023-01-12,4:45:24,2
2023-01-12,4:45:25,0
2023-01-12,4:45:27,0
2023-01-12,4:45:28,0
2023-01-12,4:45:29,0
2023-01-12,4:45:30,3
2023-01-12,4:45:31,2
2023-01-12,4:45:32,0
2023-01-12,4:45:33,2
2023-01-12,4:45:34,3
2023-01-12,4:45:35,3
2023-01-12,4:45:36,3
2023-01-12,4:45:38,3
2023-01-12,4:45:39,0
2023-01-12,4:45:40,0
2023-01-12,4:45:41,2
2023-01-12,4:45:44,3
2023-01-12,4:45:45,3
2023-01-12,4:45:46,2
2023-01-12,4:45:47,1
2023-01-12,4:45:48,2
2023-01-12,4:45:49,2
2023-01-12,4:45:50,2
2023-01-12,4:45:52,0
2023-01-12,4:45:53,1
2023-01-12,4:45:55,3
2023-01-12,4:45:56,3
2023-01-12,4:45:57,1
2023-01-12,4:45:58,0
2023-01-12,4:45:59,3
2023-01-12,4:46:00,1
2023-01-12,4:46:02,0
2023-01-12,4:46:03,3
2023-01-12,4:46:04,2
2023-01-12,4:46:05,2
2023-01-12,4:46:07,3
2023-01-12,4:46:08,1
2023-01-12,4:46:09,1
2023-01-12,4:46:10,1
2023-01-12,4:46:11,1
2023-01-12,4:46:12,3
2023-01-12,4:46:13,1
2023-01-12,4:46:15,3
2023-01-12,4:46:16,0
2023-01-12,4:46:17,3
2023-01-12,4:46:18,1
2023-01-12,4:46:19,1
2023-01-12,4:46:20,2
2023-01-12,4:46:21,1
2023-01-12,4:46:22,0
2023-01-12,4:46:23,2
2023-01-12,4:46:24,0
2023-01-12,4:46:25,0
2023-01-12,4:46:26,0
2023-01-12,4:46:27,0
2023-01-12,4:46:28,0
2023-01-12,4:46:29,1
2023-01-12,4:46:31,3
2023-01-12,4:46:32,2
2023-01-12,4:46:33,0
2023-01-12,4:46:34,3
2023-01-12,4:46:35,0
2023-01-12,4:46:36,3
2023-01-12,4:46:37,3
2023-01-12,4:46:38,1
2023-01-12,4:46:39,2
2023-01-12,4:46:40,0
2023-01-12,4:46:41,0
2023-01-12,4:46:42,1
2023-01-12,4:46:43,0
2023-01-12,4:46:44,0
2023-01-12,4:46:45,1
2023-01-12,4:46:46,2
2023-01-12,4:46:47,0
2023-01-12,4:46:48,1
2023-01-12,4:46:50,1
2023-01-12,4:46:52,2
2023-01-12,4:46:53,1
2023-01-12,4:46:54,0
2023-01-12,4:46:55,0
2023-01-12,4:46:56,2
2023-01-12,4:46:57,1
2023-01-12,4:46:58,0
2023-01-12,4:46:59,0
2023-01-12,4:47:00,0
2023-01-12,4:47:01,1
2023-01-12,4:47:02,0
2023-01-12,4:47:03,2
2023-01-12,4:47:04,2
2023-01-12,4:47:05,2
2023-01-12,4:47:06,1
2023-01-12,4:47:07,2
2023-01-12,4:47:08,3
2023-01-12,4:47:09,0
2023-01-12,4:47:10,1
2023-01-12,4:47:11,2
2023-01-12,4:47:12,1
2023-01-12,4:47:13,0
2023-01-12,4:47:14,3
2023-01-12,4:47:15,1
2023-01-12,4:47:16,1
2023-01-12,4:47:17,1
2023-01-12,4:47:18,1
2023-01-12,4:47:19,1
2023-01-12,4:47:21,3
2023-01-12,4:47:22,0
2023-01-12,4:47:23,2
2023-01-12,4:47:24,0
2023-01-12,4:47:25,2
2023-01-12,4:47:26,2
2023-01-12,4:47:27,2
2023-01-12,4:47:28,0
2023-01-12,4:47:29,2
2023-01-12,4:47:30,1
2023-01-12,4:47:32,2
2023-01-12,4:47:33,2
2023-01-12,4:47:34,0
2023-01-12,4:47:35,2
2023-01-12,4:47:37,2
2023-01-12,4:47:38,0
2023-01-12,4:47:39,2
2023-01-12,4:47:40,1
2023-01-12,4:47:41,1
2023-01-12,4:47:42,3
2023-01-12,4:47:43,2
2023-01-12,4:47:45,2
2023-01-12,4:47:46,1
2023-01-12,4:47:47,1
2023-01-12,4:47:48,2
2023-01-12,4:47:49,3
2023-01-12,4:47:50,3
2023-01-12,4:47:51,1
2023-01-12,4:47:52,2
2023-01-12,4:47:53,3
2023-01-12,4:47:55,3
2023-01-12,4:47:56,1
2023-01-12,4:47:57,0
2023-01-12,4:47:58,2
2023-01-12,4:47:59,1
2023-01-12,4:48:01,0
2023-01-12,4:48:02,2
2023-01-12,4:48:03,3
2023-01-12,4:48:04,3
2023-01-12,4:48:05,0
2023-01-12,4:48:06,3
2023-01-12,4:48:07,1
2023-01-12,4:48:08,3
2023-01-12,4:48:09,1
2023-01-12,4:48:10,1
2023-01-12,4:48:11,2
2023-01-12,4:48:13,1
2023-01-12,4:48:14,3
2023-01-12,4:48:15,2
2023-01-12,4:48:16,3
2023-01-12,4:48:17,3
2023-01-12,4:48:18,3
2023-01-12,4:48:19,3
2023-01-12,4:48:20,1
2023-01-12,4:48:21,3
2023-01-12,4:48:22,1
2023-01-12,4:48:23,3
2023-01-12,4:48:24,0
2023-01-12,4:48:25,1
2023-01-12,4:48:26,3
2023-01-12,4:48:28,3
2023-01-12,4:48:29,1
2023-01-12,4:48:30,2
2023-01-12,4:48:31,3
2023-01-12,4:48:32,2
2023-01-12,4:48:33,1
2023-01-12,4:48:35,2
2023-01-12,4:48:36,2
2023-01-12,4:48:37,1
2023-01-12,4:48:38,2
2023-01-12,4:48:39,1
2023-01-12,4:48:40,2
2023-01-12,4:48:41,2
2023-01-12,4:48:42,1
2023-01-12,4:48:43,3
2023-01-12,4:48:44,0
2023-01-12,4:48:46,3
2023-01-12,4:48:47,3
2023-01-12,4:48:48,0
2023-01-12,4:48:49,3
2023-01-12,4:48:50,1
2023-01-12,4:48:51,0
2023-01-12,4:48:52,2
2023-01-12,4:48:53,2
2023-01-12,4:48:54,0
2023-01-12,4:48:55,0
2023-01-12,4:48:56,1
2023-01-12,4:48:57,2
2023-01-12,4:48:58,3
2023-01-12,4:48:59,0
2023-01-12,4:49:00,0
2023-01-12,4:49:01,1
2023-01-12,4:49:02,1
2023-01-12,4:49:04,3
2023-01-12,4:49:05,0
2023-01-12,4:49:07,1
2023-01-12,4:49:08,3
2023-01-12,4:49:09,3
2023-01-12,4:49:10,3
2023-01-12,4:49:11,3
2023-01-12,4:49:12,3
2023-01-12,4:49:13,3
2023-01-12,4:49:14,2
2023-01-12,4:49:15,0
2023-01-12,4:49:16,1
2023-01-12,4:49:17,0
2023-01-12,4:49:18,0
2023-01-12,4:49:19,1
2023-01-12,4:49:20,1
2023-01-12,4:49:21,2
2023-01-12,4:49:22,1
2023-01-12,4:49:23,3
2023-01-12,4:49:24,0
2023-01-12,4:49:25,2
2023-01-12,4:49:28,2
2023-01-12,4:49:30,3
2023-01-12,4:49:31,3
2023-01-12,4:49:32,3
2023-01-12,4:49:33,3
2023-01-12,4:49:34,2
2023-01-12,4:49:35,0
2023-01-12,4:49:36,0
2023-01-12,4:49:37,2
2023-01-12,4:49:40,0
2023-01-12,4:49:41,1
2023-01-12,4:49:42,3
2023-01-12,4:49:43,0
2023-01-12,4:49:44,2
2023-01-12,4:49:45,0
2023-01-12,4:49:46,1
2023-01-12,4:49:47,1
2023-01-12,4:49:48,3
2023-01-12,4:49:49,0
2023-01-12,4:49:50,0
2023-01-12,4:49:51,3
2023-01-12,4:49:52,1
2023-01-12,4:49:53,2
2023-01-12,4:49:54,1
2023-01-12,4:49:57,1
2023-01-12,4:49:58,3
2023-01-12,4:49:59,3
2023-01-12,4:50:00,3
2023-01-12,4:50:01,0
2023-01-12,4:50:02,0
2023-01-12,4:50:03,2
2023-01-12,4:50:04,1
2023-01-12,4:50:05,1
2023-01-12,4:50:06,3
2023-01-12,4:50:07,1
2023-01-12,4:50:08,1
2023-01-12,4:50:10,2
2023-01-12,4:50:12,3
2023-01-12,4:50:13,3
2023-01-12,4:50:14,1
2023-01-12,4:50:15,3
2023-01-12,4:50:16,3
2023-01-12,4:50:18,1
2023-01-12,4:50:19,1
2023-01-12,4:50:20,3
2023-01-12,4:50:21,1
2023-01-12,4:50:23,0
2023-01-12,4:50:24,2
2023-01-12,4:50:25,0
2023-01-12,4:50:26,3
2023-01-12,4:50:28,1
2023-01-12,4:50:29,1
2023-01-12,4:50:30,2
2023-01-12,4:50:33,0
2023-01-12,4:50:34,2
2023-01-12,4:50:35,0
2023-01-12,4:50:36,1
2023-01-12,4:50:37,2
2023-01-12,4:50:40,2
2023-01-12,4:50:41,0
2023-01-12,4:50:42,2
2023-01-12,4:50:43,0
2023-01-12,4:50:44,3
2023-01-12,4:50:45,1
2023-01-12,4:50:46,2
2023-01-12,4:50:47,3
2023-01-12,4:50:48,2
2023-01-12,4:50:49,0
2023-01-12,4:50:50,1
2023-01-12,4:50:51,3
2023-01-12,4:50:52,3
2023-01-12,4:50:53,1
2023-01-12,4:50:54,3
2023-01-12,4:50:55,2
2023-01-12,4:50:57,0
2023-01-12,4:50:58,0
2023-01-12,4:50:59,0
2023-01-12,4:51:00,0
2023-01-12,4:51:01,1
2023-01-12,4:51:02,3
2023-01-12,4:51:03,3
2023-01-12,4:51:04,1
2023-01-12,4:51:05,3
2023-01-12,4:51:06,0
2023-01-12,4:51:07,3
2023-01-12,4:51:08,0
2023-01-12,4:51:10,3
2023-01-12,4:51:13,1
2023-01-12,4:51:14,1
2023-01-12,4:51:15,0
2023-01-12,4:51:16,0
2023-01-12,4:51:17,0
2023-01-12,4:51:18,1
2023-01-12,4:51:19,3
2023-01-12,4:51:20,2
2023-01-12,4:51:21,3
2023-01-12,4:51:23,3
2023-01-12,4:51:24,3
2023-01-12,4:51:25,3
2023-01-12,4:51:27,0
2023-01-12,4:51:28,3
2023-01-12,4:51:29,3
2023-01-12,4:51:30,0
2023-01-12,4:51:32,1
2023-01-12,4:51:34,0
2023-01-12,4:51:35,0
2023-01-12,4:51:36,1
2023-01-12,4:51:37,3
2023-01-12,4:51:38,3
2023-01-12,4:51:40,2
2023-01-12,4:51:41,0
2023-01-12,4:51:42,0
2023-01-12,4:51:43,0
2023-01-12,4:51:44,3
2023-01-12,4:51:46,0
2023-01-12,4:51:47,1
2023-01-12,4:51:48,1
2023-01-12,4:51:49,3
2023-01-12,4:51:50,2
2023-01-12,4:51:51,1
2023-01-12,4:51:52,3
2023-01-12,4:51:53,0
2023-01-12,4:51:55,3
2023-01-12,4:51:56,0
2023-01-12,4:51:57,2
2023-01-12,4:51:58,2
2023-01-12,4:51:59,3
2023-01-12,4:52:00,0
2023-01-12,4:52:01,0
2023-01-12,4:52:02,1
2023-01-12,4:52:03,0
2023-01-12,4:52:04,0
2023-01-12,4:52:05,1
2023-01-12,4:52:06,0
2023-01-12,4:52:07,3
2023-01-12,4:52:08,0
2023-01-12,4:52:09,0
2023-01-12,4:52:10,1
2023-01-12,4:52:11,0
2023-01-12,4:52:12,2
2023-01-12,4:52:13,3
2023-01-12,4:52:14,3
2023-01-12,4:52:16,2
2023-01-12,4:52:18,2
2023-01-12,4:52:19,3
2023-01-12,4:52:20,0
2023-01-12,4:52:22,0
2023-01-12,4:52:23,1
2023-01-12,4:52:24,3
2023-01-12,4:52:25,0
2023-01-12,4:52:26,2
2023-01-12,4:52:27,0
2023-01-12,4:52:28,1
2023-01-12,4:52:29,2
2023-01-12,4:52:30,0
2023-01-12,4:52:31,2
2023-01-12,4:52:32,3
2023-01-12,4:52:35,3
2023-01-12,4:52:36,2
2023-01-12,4:52:37,1
2023-01-12,4:52:38,0
2023-01-12,4:52:39,1
2023-01-12,4:52:40,3
2023-01-12,4:52:42,2
2023-01-12,4:52:43,1
2023-01-12,4:52:44,0
2023-01-12,4:52:46,2
2023-01-12,4:52:47,3
2023-01-12,4:52:48,3
2023-01-12,4:52:49,0
2023-01-12,4:52:50,1
2023-01-12,4:52:51,3
2023-01-12,4:52:52,3
2023-01-12,4:52:53,3
2023-01-12,4:52:54,1
2023-01-12,4:52:55,0
2023-01-12,4:52:56,2
2023-01-12,4:52:57,1
2023-01-12,4:52:58,0
2023-01-12,4:52:59,2
2023-01-12,4:53:00,2
2023-01-12,4:53:02,2
2023-01-12,4:53:04,0
2023-01-12,4:53:05,3
2023-01-12,4:53:06,2
2023-01-12,4:53:07,0
2023-01-12,4:53:08,2
2023-01-12,4:53:09,3
2023-01-12,4:53:10,3
2023-01-12,4:53:11,0
2023-01-12,4:53:12,1
2023-01-12,4:53:13,0
2023-01-12,4:53:14,3
2023-01-12,4:53:15,2
2023-01-12,4:53:16,2
2023-01-12,4:53:17,1
2023-01-12,4:53:18,0
2023-01-12,4:53:19,3
2023-01-12,4:53:20,1
2023-01-12,4:53:21,3
2023-01-12,4:53:22,1
2023-01-12,4:53:23,0
2023-01-12,4:53:25,2
2023-01-12,4:53:26,3
2023-01-12,4:53:27,3
2023-01-12,4:53:28,2
2023-01-12,4:53:29,0
2023-01-12,4:53:30,2
2023-01-12,4:53:31,0
2023-01-12,4:53:33,0
2023-01-12,4:53:34,0
2023-01-12,4:53:35,2
2023-01-12,4:53:36,2
2023-01-12,4:53:37,3
2023-01-12,4:53:38,3
2023-01-12,4:53:39,2
2023-01-12,4:53:40,0
2023-01-12,4:53:41,3
2023-01-12,4:53:42,3
2023-01-12,4:53:43,0
2023-01-12,4:53:44,2
2023-01-12,4:53:46,3
2023-01-12,4:53:47,3
2023-01-12,4:53:48,3
2023-01-12,4:53:49,2
2023-01-12,4:53:50,0
2023-01-12,4:53:51,0
2023-01-12,4:53:52,1
2023-01-12,4:53:53,0
2023-01-12,4:53:54,0
2023-01-12,4:53:55,0
2023-01-12,4:53:56,2
2023-01-12,4:53:57,3
2023-01-12,4:53:58,1
2023-01-12,4:53:59,1
2023-01-12,4:54:00,2
2023-01-12,4:54:01,3
2023-01-12,4:54:02,1
2023-01-12,4:54:03,0
2023-01-12,4:54:04,0
2023-01-12,4:54:05,3
2023-01-12,4:54:06,0
2023-01-12,4:54:07,2
2023-01-12,4:54:08,3
2023-01-12,4:54:09,0
2023-01-12,4:54:10,3
2023-01-12,4:54:11,1
2023-01-12,4:54:13,3
2023-01-12,4:54:14,2
2023-01-12,4:54:15,0
2023-01-12,4:54:16,0
2023-01-12,4:54:17,0
2023-01-12,4:54:18,3
2023-01-12,4:54:19,0
2023-01-12,4:54:20,1
2023-01-12,4:54:21,1
2023-01-12,4:54:22,0
2023-01-12,4:54:23,3
2023-01-12,4:54:24,0
2023-01-12,4:54:25,2
2023-01-12,4:54:26,2
2023-01-12,4:54:27,3
2023-01-12,4:54:28,1
2023-01-12,4:54:29,0
2023-01-12,4:54:30,3
2023-01-12,4:54:31,1
2023-01-12,4:54:32,2
2023-01-12,4:54:33,1
2023-01-12,4:54:34,2
2023-01-12,4:54:35,1
2023-01-12,4:54:36,2
2023-01-12,4:54:37,3
2023-01-12,4:54:40,3
2023-01-12,4:54:41,3
2023-01-12,4:54:42,1
2023-01-12,4:54:43,1
2023-01-12,4:54:44,1
2023-01-12,4:54:45,3
2023-01-12,4:54:46,2
2023-01-12,4:54:47,3
2023-01-12,4:54:48,3
2023-01-12,4:54:49,0
2023-01-12,4:54:50,2
2023-01-12,4:54:51,0
2023-01-12,4:54:52,3
2023-01-12,4:54:53,0
2023-01-12,4:54:54,2
2023-01-12,4:54:56,3
2023-01-12,4:54:58,0
2023-01-12,4:54:59,3
2023-01-12,4:55:00,1
2023-01-12,4:55:01,0
2023-01-12,4:55:02,1
2023-01-12,4:55:03,1
2023-01-12,4:55:04,1
2023-01-12,4:55:05,3
2023-01-12,4:55:06,2
2023-01-12,4:55:07,2
2023-01-12,4:55:08,0
2023-01-12,4:55:10,2
2023-01-12,4:55:11,0
2023-01-12,4:55:12,0
2023-01-12,4:55:13,1
2023-01-12,4:55:16,1
2023-01-12,4:55:17,1
2023-01-12,4:55:18,1
2023-01-12,4:55:19,1
2023-01-12,4:55:20,0
2023-01-12,4:55:21,3
2023-01-12,4:55:22,3
2023-01-12,4:55:23,0
2023-01-12,4:55:24,0
2023-01-12,4:55:25,0
2023-01-12,4:55:26,0
2023-01-12,4:55:27,2
2023-01-12,4:55:28,1
2023-01-12,4:55:29,1
2023-01-12,4:55:31,1
2023-01-12,4:55:32,0
2023-01-12,4:55:34,3
2023-01-12,4:55:35,2
2023-01-12,4:55:36,3
2023-01-12,4:55:37,0
2023-01-12,4:55:38,2
2023-01-12,4:55:39,3
2023-01-12,4:55:40,1
2023-01-12,4:55:41,1
2023-01-12,4:55:42,1
2023-01-12,4:55:43,1
2023-01-12,4:55:44,1
2023-01-12,4:55:45,2
2023-01-12,4:55:46,2
2023-01-12,4:55:47,3
2023-01-12,4:55:48,0
2023-01-12,4:55:49,2
2023-01-12,4:55:50,3
2023-01-12,4:55:51,3
2023-01-12,4:55:52,1
2023-01-12,4:55:53,2
2023-01-12,4:55:55,1
2023-01-12,4:55:56,3
2023-01-12,4:55:57,2
2023-01-12,4:55:58,3
2023-01-12,4:55:59,1
2023-01-12,4:56:00,3
2023-01-12,4:56:01,0
2023-01-12,4:56:02,0
2023-01-12,4:56:03,0
2023-01-12,4:56:04,2
2023-01-12,4:56:05,0
2023-01-12,4:56:06,2
2023-01-12,4:56:07,1
2023-01-12,4:56:08,1
2023-01-12,4:56:09,0
2023-01-12,4:56:10,0
2023-01-12,4:56:11,1
2023-01-12,4:56:12,3
2023-01-12,4:56:13,3
2023-01-12,4:56:14,1
2023-01-12,4:56:15,0
2023-01-12,4:56:16,0
2023-01-12,4:56:17,3
2023-01-12,4:56:19,2
2023-01-12,4:56:20,2
2023-01-12,4:56:21,0
2023-01-12,4:56:22,2
2023-01-12,4:56:23,1
2023-01-12,4:56:24,0
2023-01-12,4:56:25,2
2023-01-12,4:56:26,3
2023-01-12,4:56:27,2
2023-01-12,4:56:28,0
2023-01-12,4:56:29,2
2023-01-12,4:56:30,2
2023-01-12,4:56:31,0
2023-01-12,4:56:32,0
2023-01-12,4:56:33,3
2023-01-12,4:56:34,3
2023-01-12,4:56:36,3
2023-01-12,4:56:37,2
2023-01-12,4:56:38,0
2023-01-12,4:56:39,0
2023-01-12,4:56:40,2
2023-01-12,4:56:41,1
2023-01-12,4:56:42,2
2023-01-12,4:56:43,1
2023-01-12,4:56:44,0
2023-01-12,4:56:45,2
2023-01-12,4:56:46,3
2023-01-12,4:56:47,0
2023-01-12,4:56:48,3
2023-01-12,4:56:51,0
2023-01-12,4:56:52,3
2023-01-12,4:56:53,2
2023-01-12,4:56:54,1
2023-01-12,4:56:55,3
2023-01-12,4:56:56,3
2023-01-12,4:56:57,1
2023-01-12,4:56:58,0
2023-01-12,4:56:59,1
2023-01-12,4:57:01,3
2023-01-12,4:57:02,0
2023-01-12,4:57:03,2
2023-01-12,4:57:04,3
2023-01-12,4:57:05,2
2023-01-12,4:57:06,2
2023-01-12,4:57:07,3
2023-01-12,4:57:08,3
2023-01-12,4:57:09,0
2023-01-12,4:57:10,0
2023-01-12,4:57:11,2
2023-01-12,4:57:12,0
2023-01-12,4:57:13,0
2023-01-12,4:57:14,2
2023-01-12,4:57:15,3
2023-01-12,4:57:16,3
2023-01-12,4:57:17,1
2023-01-12,4:57:18,1
2023-01-12,4:57:19,3
2023-01-12,4:57:20,3
2023-01-12,4:57:21,1
2023-01-12,4:57:22,2
2023-01-12,4:57:23,0
2023-01-12,4:57:25,1
2023-01-12,4:57:26,0
2023-01-12,4:57:27,1
2023-01-12,4:57:28,0
2023-01-12,4:57:29,0
2023-01-12,4:57:30,0
2023-01-12,4:57:31,1
2023-01-12,4:57:32,0
2023-01-12,4:57:33,1
2023-01-12,4:57:34,2
2023-01-12,4:57:35,1
2023-01-12,4:57:36,3
2023-01-12,4:57:37,0
2023-01-12,4:57:38,2
2023-01-12,4:57:39,3
2023-01-12,4:57:40,3
2023-01-12,4:57:41,0
2023-01-12,4:57:42,1
2023-01-12,4:57:43,1
2023-01-12,4:57:44,2
2023-01-12,4:57:46,3
2023-01-12,4:57:47,2
2023-01-12,4:57:48,2
2023-01-12,4:57:50,0
2023-01-12,4:57:51,0
2023-01-12,4:57:53,2
2023-01-12,4:57:54,2
2023-01-12,4:57:55,2
2023-01-12,4:57:56,1
2023-01-12,4:57:57,2
2023-01-12,4:57:58,1
2023-01-12,4:57:59,3
2023-01-12,4:58:01,1
2023-01-12,4:58:02,0
2023-01-12,4:58:03,1
2023-01-12,4:58:04,2
2023-01-12,4:58:05,0
2023-01-12,4:58:06,1
2023-01-12,4:58:07,3
2023-01-12,4:58:08,2
2023-01-12,4:58:09,3
2023-01-12,4:58:10,3
2023-01-12,4:58:11,0
2023-01-12,4:58:12,2
2023-01-12,4:58:13,2
2023-01-12,4:58:14,3
2023-01-12,4:58:16,3
2023-01-12,4:58:17,0
2023-01-12,4:58:18,1
2023-01-12,4:58:19,2
2023-01-12,4:58:20,2
2023-01-12,4:58:21,1
2023-01-12,4:58:22,0
2023-01-12,4:58:23,3
2023-01-12,4:58:25,0
2023-01-12,4:58:26,2
2023-01-12,4:58:27,1
2023-01-12,4:58:28,1
2023-01-12,4:58:29,3
2023-01-12,4:58:30,1
2023-01-12,4:58:31,2
2023-01-12,4:58:32,3
2023-01-12,4:58:33,2
2023-01-12,4:58:34,3
2023-01-12,4:58:36,1
2023-01-12,4:58:37,2
2023-01-12,4:58:38,1
2023-01-12,4:58:39,3
2023-01-12,4:58:40,0
2023-01-12,4:58:41,0
2023-01-12,4:58:43,2
2023-01-12,4:58:44,2
2023-01-12,4:58:45,2
2023-01-12,4:58:46,2
2023-01-12,4:58:47,3
2023-01-12,4:58:48,3
2023-01-12,4:58:49,2
2023-01-12,4:58:50,0
2023-01-12,4:58:51,2
2023-01-12,4:58:52,1
2023-01-12,4:58:53,3
2023-01-12,4:58:54,1
2023-01-12,4:58:55,0
2023-01-12,4:58:56,3
2023-01-12,4:58:58,3
2023-01-12,4:59:00,3
2023-01-12,4:59:01,3
2023-01-12,4:59:02,2
2023-01-12,4:59:03,3
2023-01-12,4:59:04,2
2023-01-12,4:59:06,1
2023-01-12,4:59:07,2
2023-01-12,4:59:08,1
2023-01-12,4:59:09,2
2023-01-12,4:59:11,3
2023-01-12,4:59:14,0
2023-01-12,4:59:15,0
2023-01-12,4:59:16,0
2023-01-12,4:59:17,1
2023-01-12,4:59:18,3
2023-01-12,4:59:19,2
2023-01-12,4:59:20,3
2023-01-12,4:59:21,0
2023-01-12,4:59:22,1
2023-01-12,4:59:23,3
2023-01-12,4:59:24,3
2023-01-12,4:59:26,3
2023-01-12,4:59:28,1
2023-01-12,4:59:29,3
2023-01-12,4:59:30,0
2023-01-12,4:59:31,0
2023-01-12,4:59:32,1
2023-01-12,4:59:33,3
2023-01-12,4:59:35,2
2023-01-12,4:59:36,1
2023-01-12,4:59:38,0
2023-01-12,4:59:40,2
2023-01-12,4:59:41,3
2023-01-12,4:59:42,0
2023-01-12,4:59:43,1
2023-01-12,4:59:44,3
2023-01-12,4:59:45,2
2023-01-12,4:59:46,0
2023-01-12,4:59:47,1
2023-01-12,4:59:48,3
2023-01-12,4:59:49,3
2023-01-12,4:59:50,1
2023-01-12,4:59:52,0
2023-01-12,4:59:53,2
2023-01-12,4:59:56,3
2023-01-12,4:59:57,3
2023-01-12,4:59:58,1
2023-01-12,4:59:59,3
